# File units = meters
mtllib plate.mtl
g Part 1
v 0.00578893 0 0.00998241 
v 0.00611329 0 0.01 
v 0.00611329 -0.004 0.01 
v 0.00546838 0 0.00992986 
v 0.00578893 -0.004 0.00998241 
v 0.00515538 0 0.00984296 
v 0.00546838 -0.004 0.00992986 
v 0.00485362 0 0.00972273 
v 0.00515538 -0.004 0.00984296 
v 0.00456663 0 0.00957057 
v 0.00485362 -0.004 0.00972273 
v 0.00429777 0 0.00938828 
v 0.00456663 -0.004 0.00957057 
v 0.00405019 0 0.00917799 
v 0.00429777 -0.004 0.00938828 
v 0.0038268 0 0.00894216 
v 0.00405019 -0.004 0.00917799 
v 0.00363022 0 0.00868356 
v 0.0038268 -0.004 0.00894216 
v 0.00346275 0 0.00840523 
v 0.00363022 -0.004 0.00868356 
v 0.00332636 0 0.00811041 
v 0.00346275 -0.004 0.00840523 
v 0.00322264 0 0.00780259 
v 0.00332636 -0.004 0.00811041 
v 0.00315281 0 0.00748535 
v 0.00322264 -0.004 0.00780259 
v 0.00311769 0 0.00716242 
v 0.00315281 -0.004 0.00748535 
v 0.00311769 0 0.00683758 
v 0.00311769 -0.004 0.00716242 
v 0.00315281 0 0.00651465 
v 0.00311769 -0.004 0.00683758 
v 0.00322264 0 0.00619741 
v 0.00315281 -0.004 0.00651465 
v 0.00332636 0 0.00588959 
v 0.00322264 -0.004 0.00619741 
v 0.00346275 0 0.00559477 
v 0.00332636 -0.004 0.00588959 
v 0.00363022 0 0.00531644 
v 0.00346275 -0.004 0.00559477 
v 0.0038268 0 0.00505784 
v 0.00363022 -0.004 0.00531644 
v 0.00405019 0 0.00482201 
v 0.0038268 -0.004 0.00505784 
v 0.00429777 0 0.00461172 
v 0.00405019 -0.004 0.00482201 
v 0.00456663 0 0.00442943 
v 0.00429777 -0.004 0.00461172 
v 0.00485362 0 0.00427727 
v 0.00456663 -0.004 0.00442943 
v 0.00515538 0 0.00415704 
v 0.00485362 -0.004 0.00427727 
v 0.00546838 0 0.00407014 
v 0.00515538 -0.004 0.00415704 
v 0.00578893 0 0.00401759 
v 0.00546838 -0.004 0.00407014 
v 0.00611329 0 0.004 
v 0.00578893 -0.004 0.00401759 
v 0.00643765 0 0.00401759 
v 0.00611329 -0.004 0.004 
v 0.0067582 0 0.00407014 
v 0.00643765 -0.004 0.00401759 
v 0.00707119 0 0.00415704 
v 0.0067582 -0.004 0.00407014 
v 0.00737296 0 0.00427727 
v 0.00707119 -0.004 0.00415704 
v 0.00765995 0 0.00442943 
v 0.00737296 -0.004 0.00427727 
v 0.00792881 0 0.00461172 
v 0.00765995 -0.004 0.00442943 
v 0.00817639 0 0.00482201 
v 0.00792881 -0.004 0.00461172 
v 0.00839978 0 0.00505784 
v 0.00817639 -0.004 0.00482201 
v 0.00859636 0 0.00531644 
v 0.00839978 -0.004 0.00505784 
v 0.00876383 0 0.00559477 
v 0.00859636 -0.004 0.00531644 
v 0.00890022 0 0.00588959 
v 0.00876383 -0.004 0.00559477 
v 0.00900394 0 0.00619741 
v 0.00890022 -0.004 0.00588959 
v 0.00907377 0 0.00651465 
v 0.00900394 -0.004 0.00619741 
v 0.00910889 0 0.00683758 
v 0.00907377 -0.004 0.00651465 
v 0.00910889 0 0.00716242 
v 0.00910889 -0.004 0.00683758 
v 0.00907377 0 0.00748535 
v 0.00910889 -0.004 0.00716242 
v 0.00900394 0 0.00780259 
v 0.00907377 -0.004 0.00748535 
v 0.00890022 0 0.00811041 
v 0.00900394 -0.004 0.00780259 
v 0.00876383 0 0.00840523 
v 0.00890022 -0.004 0.00811041 
v 0.00859636 0 0.00868356 
v 0.00876383 -0.004 0.00840523 
v 0.00839978 0 0.00894216 
v 0.00859636 -0.004 0.00868356 
v 0.00817639 0 0.00917799 
v 0.00839978 -0.004 0.00894216 
v 0.00792881 0 0.00938828 
v 0.00817639 -0.004 0.00917799 
v 0.00765995 0 0.00957057 
v 0.00792881 -0.004 0.00938828 
v 0.00737296 0 0.00972273 
v 0.00765995 -0.004 0.00957057 
v 0.00707119 0 0.00984296 
v 0.00737296 -0.004 0.00972273 
v 0.0067582 0 0.00992986 
v 0.00707119 -0.004 0.00984296 
v 0.00643765 0 0.00998241 
v 0.0067582 -0.004 0.00992986 
v 0.00643765 -0.004 0.00998241 
v -0.0170434 -0.004 -0.029 
v -0.00552659 -0.004 -0.029 
v 0.00160319 -0.004 -0.029 
v 0.0106234 -0.004 -0.029 
v 0.0121633 -0.004 -0.029 
v 0.0177532 -0.004 -0.029 
v 0.0214566 -0.004 -0.029 
v -0.0230033 -0.004 -0.0191218 
v -0.0230296 -0.004 -0.019364 
v -0.0230033 -0.004 -0.0188782 
v -0.0230296 -0.004 -0.018636 
v -0.0232621 -0.004 -0.0200539 
v -0.0233877 -0.004 -0.0202627 
v -0.023082 -0.004 -0.0196019 
v -0.0231598 -0.004 -0.0198328 
v -0.0231598 -0.004 -0.0181672 
v -0.023082 -0.004 -0.0183981 
v -0.02409 -0.004 -0.0209279 
v -0.0243052 -0.004 -0.021042 
v -0.0235351 -0.004 -0.0175434 
v -0.0233877 -0.004 -0.0177373 
v -0.0238884 -0.004 -0.0207912 
v -0.0235351 -0.004 -0.0204566 
v -0.0237027 -0.004 -0.0206335 
v -0.0232621 -0.004 -0.0179461 
v -0.0245316 -0.004 -0.0168678 
v -0.0243052 -0.004 -0.016958 
v -0.0238884 -0.004 -0.0172088 
v -0.0237027 -0.004 -0.0173665 
v -0.02409 -0.004 -0.0170721 
v -0.0245316 -0.004 -0.0211322 
v -0.0247663 -0.004 -0.0211974 
v -0.0316123 -0.004 -0.0177373 
v -0.0314649 -0.004 -0.0175434 
v -0.0250067 -0.004 -0.0212368 
v -0.02975 -0.004 -0.01675 
v -0.02525 -0.004 -0.01675 
v -0.03091 -0.004 -0.0170721 
v -0.0306948 -0.004 -0.016958 
v -0.0317379 -0.004 -0.0179461 
v -0.0250067 -0.004 -0.0167632 
v -0.0247663 -0.004 -0.0168026 
v -0.0311116 -0.004 -0.0172088 
v -0.0312973 -0.004 -0.0173665 
v -0.0312973 -0.004 -0.0206335 
v -0.0314649 -0.004 -0.0204566 
v -0.0299933 -0.004 -0.0167632 
v -0.0304684 -0.004 -0.0168678 
v -0.0302337 -0.004 -0.0168026 
v -0.0316123 -0.004 -0.0202627 
v -0.0304684 -0.004 -0.0211322 
v -0.0306948 -0.004 -0.021042 
v -0.0311116 -0.004 -0.0207912 
v -0.03091 -0.004 -0.0209279 
v -0.031918 -0.004 -0.0183981 
v -0.0318402 -0.004 -0.0181672 
v -0.0319704 -0.004 -0.019364 
v -0.0299933 -0.004 -0.0212368 
v -0.0302337 -0.004 -0.0211974 
v -0.02525 -0.004 -0.02125 
v -0.0319967 -0.004 -0.0188782 
v -0.0319704 -0.004 -0.018636 
v -0.031918 -0.004 -0.0196019 
v -0.0317379 -0.004 -0.0200539 
v -0.0318402 -0.004 -0.0198328 
v -0.02975 -0.004 -0.02125 
v -0.0319967 -0.004 -0.0191218 
v -0.0375 -0.004 -0.0151234 
v -0.0375 -0.004 -0.0159453 
v 0.0375 -0.004 -0.0159453 
v -0.0375 -0.004 -0.0117234 
v 0.0375 -0.004 -0.0151234 
v -0.0375 -0.004 -0.00672028 
v 0.0375 -0.004 -0.0117234 
v -0.0375 -0.004 0.00285 
v -0.00957051 -0.004 0.00169003 
v -0.00992952 -0.004 0.00161101 
v -0.00975216 -0.004 0.00166025 
v -0.00902126 -0.004 -0.00166025 
v -0.00920291 -0.004 -0.00169003 
v -0.0086729 -0.004 -0.00154288 
v -0.0088439 -0.004 -0.00161101 
v -0.00835791 -0.004 -0.00135336 
v -0.00851027 -0.004 -0.00145666 
v -0.0076892 -0.004 -9.20361e-05 
v -0.00770911 -0.004 -0.000275029 
v -0.0088439 -0.004 0.00161101 
v -0.0086729 -0.004 0.00154288 
v -0.00938671 -0.004 0.0017 
v -0.00920291 -0.004 0.00169003 
v -0.0102632 -0.004 0.00145666 
v -0.0101005 -0.004 0.00154288 
v -0.0105558 -0.004 0.00123419 
v -0.0104155 -0.004 0.00135336 
v -0.0107938 -0.004 0.000954018 
v -0.0106824 -0.004 0.00110056 
v -0.00821762 -0.004 -0.00123419 
v -0.0076892 -0.004 9.20361e-05 
v -0.00809104 -0.004 0.00110056 
v -0.00797964 -0.004 0.000954018 
v -0.00851027 -0.004 0.00145666 
v -0.00835791 -0.004 0.00135336 
v -0.00902126 -0.004 0.00166025 
v -0.0108887 -0.004 0.000796294 
v -0.0110247 -0.004 0.000454798 
v -0.010966 -0.004 0.000629235 
v -0.0110247 -0.004 -0.000454798 
v -0.0110643 -0.004 -0.000275029 
v -0.00797964 -0.004 -0.000954018 
v -0.00809104 -0.004 -0.00110056 
v -0.00774868 -0.004 -0.000454798 
v -0.00780745 -0.004 -0.000629235 
v -0.00770911 -0.004 0.000275029 
v -0.00788474 -0.004 0.000796294 
v -0.00780745 -0.004 0.000629235 
v -0.00821762 -0.004 0.00123419 
v -0.0110842 -0.004 9.20361e-05 
v -0.0110643 -0.004 0.000275029 
v -0.0106824 -0.004 -0.00110056 
v -0.0107938 -0.004 -0.000954018 
v -0.00788474 -0.004 -0.000796294 
v -0.0110842 -0.004 -9.20361e-05 
v -0.0108887 -0.004 -0.000796294 
v -0.010966 -0.004 -0.000629235 
v -0.0105558 -0.004 -0.00123419 
v -0.00992952 -0.004 -0.00161101 
v -0.0101005 -0.004 -0.00154288 
v -0.00957051 -0.004 -0.00169003 
v -0.00774868 -0.004 0.000454798 
v -0.0102632 -0.004 -0.00145666 
v -0.0104155 -0.004 -0.00135336 
v -0.00975216 -0.004 -0.00166025 
v -0.00938671 -0.004 -0.0017 
v -0.0375 -0.004 0.0108531 
v 0.0375 -0.004 0.00285 
v -0.0375 -0.004 0.0117234 
v 0.0375 -0.004 0.0108531 
v -0.0375 -0.004 0.0159453 
v -0.00263571 -0.004 0.0147939 
v -0.00248335 -0.004 0.0148972 
v -0.000311235 -0.004 0.01234 
v -0.000437822 -0.004 0.0122064 
v 7.06945e-05 -0.004 0.0137156 
v 9.05962e-05 -0.004 0.0135326 
v -0.002776 -0.004 0.0146747 
v -0.00301398 -0.004 0.0143946 
v -0.00290259 -0.004 0.0145411 
v -0.00330442 -0.004 0.0135326 
v -0.00301398 -0.004 0.0124865 
v -0.00310888 -0.004 0.0126443 
v -0.000199839 -0.004 0.0124865 
v 3.11244e-05 -0.004 0.0129858 
v -2.76502e-05 -0.004 0.0128113 
v 9.05962e-05 -0.004 0.0133485 
v 3.11244e-05 -0.004 0.0138954 
v -0.000199839 -0.004 0.0143946 
v -0.00010494 -0.004 0.0142368 
v -0.00324495 -0.004 0.0138954 
v -0.00318617 -0.004 0.0140698 
v -0.00328452 -0.004 0.0137156 
v -0.00328452 -0.004 0.0131655 
v -0.00330442 -0.004 0.0133485 
v -0.00318617 -0.004 0.0128113 
v -0.00324495 -0.004 0.0129858 
v -0.00290259 -0.004 0.01234 
v -0.00010494 -0.004 0.0126443 
v 7.06945e-05 -0.004 0.0131655 
v -2.76502e-05 -0.004 0.0140698 
v -0.00179071 -0.004 0.0151306 
v -0.00160691 -0.004 0.0151406 
v -0.00232072 -0.004 0.0149834 
v -0.00310888 -0.004 0.0142368 
v -0.00232072 -0.004 0.0118977 
v -0.00248335 -0.004 0.0119839 
v -0.000578114 -0.004 0.0120872 
v -0.000730469 -0.004 0.0119839 
v -0.00197236 -0.004 0.0151008 
v -0.00263571 -0.004 0.0120872 
v -0.002776 -0.004 0.0122064 
v -0.00214972 -0.004 0.0118295 
v -0.000893099 -0.004 0.0118977 
v -0.00142311 -0.004 0.0151306 
v -0.00214972 -0.004 0.0150516 
v -0.00124146 -0.004 0.0117803 
v -0.00142311 -0.004 0.0117505 
v -0.000437822 -0.004 0.0146747 
v -0.000311235 -0.004 0.0145411 
v -0.00160691 -0.004 0.0117406 
v -0.0010641 -0.004 0.0118295 
v -0.000893099 -0.004 0.0149834 
v -0.000730469 -0.004 0.0148972 
v -0.00124146 -0.004 0.0151008 
v -0.0010641 -0.004 0.0150516 
v -0.00179071 -0.004 0.0117505 
v -0.000578114 -0.004 0.0147939 
v -0.00197236 -0.004 0.0117803 
v 0.0375 -0.004 0.0117234 
v -0.0170434 -0.004 0.029 
v -0.00552659 -0.004 0.029 
v 0.00160319 -0.004 0.029 
v 0.0106234 -0.004 0.029 
v 0.0121633 -0.004 0.029 
v 0.0177532 -0.004 0.029 
v 0.0208139 -0.004 0.00150035 
v 0.020982 -0.004 0.00157842 
v 0.0206554 -0.004 0.00140446 
v 0.0213346 -0.004 -0.0017114 
v 0.0211538 -0.004 -0.00167112 
v 0.0211575 -0.004 0.00163775 
v 0.0213384 -0.004 0.00167762 
v 0.0205083 -0.004 0.0012919 
v 0.0199214 -0.004 -0.000200391 
v 0.0199134 -0.004 -1.53086e-05 
v 0.0199495 -0.004 -0.000383503 
v 0.0209784 -0.004 -0.0016114 
v 0.0208106 -0.004 -0.00153296 
v 0.0203743 -0.004 0.00116399 
v 0.0199218 -0.004 0.000169756 
v 0.0199503 -0.004 0.000352805 
v 0.0205054 -0.004 -0.00132383 
v 0.0203717 -0.004 -0.00119563 
v 0.0206523 -0.004 -0.00143672 
v 0.0214566 -0.004 -0.00172489 
v 0.0201518 -0.004 0.000868391 
v 0.020255 -0.004 0.00102226 
v 0.0199986 -0.004 0.000531664 
v 0.020066 -0.004 0.000704209 
v 0.0200644 -0.004 -0.000735163 
v 0.0199974 -0.004 -0.000562468 
v 0.0202527 -0.004 -0.00105363 
v 0.0201499 -0.004 -0.000899535 
v 0.0375 -0.004 -0.00672028 
v 0.0225711 -0.004 -0.00143885 
v 0.0224126 -0.004 -0.00153474 
v 0.0222481 -0.004 0.00157702 
v 0.022416 -0.004 0.00149857 
v 0.0227182 -0.004 -0.00132629 
v 0.0220728 -0.004 0.00163673 
v 0.0228523 -0.004 -0.00119838 
v 0.0218919 -0.004 0.00167701 
v 0.021704 -0.004 -0.00173196 
v 0.0215187 -0.004 -0.00173176 
v 0.0222446 -0.004 -0.00161281 
v 0.0220691 -0.004 -0.00167213 
v 0.0227211 -0.004 0.00128944 
v 0.0228549 -0.004 0.00116124 
v 0.0217078 -0.004 0.00169737 
v 0.0214566 -0.004 0.00169043 
v 0.0215225 -0.004 0.00169758 
v 0.0218882 -0.004 -0.00171201 
v 0.0231605 -0.004 -0.000738597 
v 0.0230747 -0.004 -0.00090278 
v 0.0233048 -0.004 -0.000204145 
v 0.0233052 -0.004 0.000166003 
v 0.0233132 -0.004 -1.908e-05 
v 0.0232292 -0.004 0.00052808 
v 0.0232771 -0.004 0.000349114 
v 0.0225743 -0.004 0.00140234 
v 0.0229716 -0.004 -0.00105665 
v 0.0232762 -0.004 -0.000387193 
v 0.0230767 -0.004 0.000865147 
v 0.0231621 -0.004 0.000700774 
v 0.0229739 -0.004 0.00101925 
v 0.023228 -0.004 -0.000566052 
v -0.00148267 -0.004 -0.0117161 
v -0.00143858 -0.004 -0.0117234 
v -0.00185028 -0.004 -0.0117161 
v -0.00166647 -0.004 -0.0117062 
v -0.00189437 -0.004 -0.0117234 
v -0.000497384 -0.004 -0.0146404 
v -0.000637677 -0.004 -0.0147595 
v -0.000370798 -0.004 -0.0145067 
v 3.10334e-05 -0.004 -0.0133141 
v 3.10334e-05 -0.004 -0.0134982 
v -0.000259402 -0.004 -0.0143602 
v -2.84384e-05 -0.004 -0.013861 
v -8.7213e-05 -0.004 -0.0140354 
v -2.84384e-05 -0.004 -0.0129514 
v 1.11317e-05 -0.004 -0.0131311 
v -0.000259402 -0.004 -0.0124521 
v -0.000164503 -0.004 -0.0126099 
v -0.000164503 -0.004 -0.0142025 
v 1.11317e-05 -0.004 -0.0136812 
v -8.7213e-05 -0.004 -0.0127769 
v -0.000637677 -0.004 -0.0120528 
v -0.000497384 -0.004 -0.012172 
v -0.000790032 -0.004 -0.0119495 
v -0.00269527 -0.004 -0.0120528 
v -0.00254291 -0.004 -0.0119495 
v -0.00307354 -0.004 -0.0124521 
v -0.00296215 -0.004 -0.0123056 
v -0.00166647 -0.004 -0.0151062 
v -0.000952662 -0.004 -0.014949 
v -0.00112366 -0.004 -0.0150172 
v -0.000370798 -0.004 -0.0123056 
v -0.00130102 -0.004 -0.0117459 
v -0.00112366 -0.004 -0.0117952 
v -0.00283556 -0.004 -0.012172 
v -0.00316844 -0.004 -0.0126099 
v -0.00336398 -0.004 -0.0134982 
v -0.00203192 -0.004 -0.0150664 
v -0.00220929 -0.004 -0.0150172 
v -0.00185028 -0.004 -0.0150962 
v -0.00130102 -0.004 -0.0150664 
v -0.00148267 -0.004 -0.0150962 
v -0.000790032 -0.004 -0.0148628 
v -0.000952662 -0.004 -0.0118633 
v -0.00330451 -0.004 -0.0129514 
v -0.00324573 -0.004 -0.0127769 
v -0.00336398 -0.004 -0.0133141 
v -0.00334408 -0.004 -0.0131311 
v -0.00334408 -0.004 -0.0136812 
v -0.00307354 -0.004 -0.0143602 
v -0.00316844 -0.004 -0.0142025 
v -0.00238028 -0.004 -0.014949 
v -0.00324573 -0.004 -0.0140354 
v -0.00330451 -0.004 -0.013861 
v -0.00296215 -0.004 -0.0145067 
v -0.00269527 -0.004 -0.0147595 
v -0.00283556 -0.004 -0.0146404 
v -0.00254291 -0.004 -0.0148628 
v -0.00238028 -0.004 -0.0118633 
v -0.00220929 -0.004 -0.0117952 
v -0.00203192 -0.004 -0.0117459 
v 0.012957 -0.004 -0.0148972 
v 0.0128047 -0.004 -0.0147939 
v 0.0126644 -0.004 -0.0146747 
v 0.0125378 -0.004 -0.0145411 
v 0.0131197 -0.004 -0.0149834 
v 0.0124264 -0.004 -0.0143946 
v 0.0123315 -0.004 -0.0142368 
v 0.0122542 -0.004 -0.0140698 
v 0.0132907 -0.004 -0.0150516 
v 0.0136056 -0.004 -0.0151234 
v 0.013468 -0.004 -0.0151008 
v 0.0121955 -0.004 -0.0138954 
v 0.0121633 -0.004 -0.0137491 
v 0.0121559 -0.004 -0.0131655 
v 0.0121633 -0.004 -0.013132 
v 0.012136 -0.004 -0.0135326 
v 0.012136 -0.004 -0.0133485 
v 0.0121559 -0.004 -0.0137156 
v 0.013468 -0.004 -0.0117803 
v 0.0136497 -0.004 -0.0117505 
v 0.015531 -0.004 -0.0135326 
v 0.0155111 -0.004 -0.0137156 
v 0.015531 -0.004 -0.0133485 
v 0.0132907 -0.004 -0.0118295 
v 0.0143763 -0.004 -0.0150516 
v 0.0141989 -0.004 -0.0151008 
v 0.0154715 -0.004 -0.0138954 
v 0.0154127 -0.004 -0.0140698 
v 0.0154715 -0.004 -0.0129858 
v 0.0155111 -0.004 -0.0131655 
v 0.0131197 -0.004 -0.0118977 
v 0.0128047 -0.004 -0.0120872 
v 0.012957 -0.004 -0.0119839 
v 0.0124264 -0.004 -0.0124865 
v 0.0125378 -0.004 -0.01234 
v 0.0145473 -0.004 -0.0149834 
v 0.0148623 -0.004 -0.0147939 
v 0.0147099 -0.004 -0.0148972 
v 0.0152406 -0.004 -0.0143946 
v 0.0151292 -0.004 -0.0145411 
v 0.0153355 -0.004 -0.0142368 
v 0.0153355 -0.004 -0.0126443 
v 0.0154127 -0.004 -0.0128113 
v 0.0138335 -0.004 -0.0117406 
v 0.0126644 -0.004 -0.0122064 
v 0.0150026 -0.004 -0.0146747 
v 0.0152406 -0.004 -0.0124865 
v 0.0150026 -0.004 -0.0122064 
v 0.0151292 -0.004 -0.01234 
v 0.0140173 -0.004 -0.0117505 
v 0.0122542 -0.004 -0.0128113 
v 0.0123315 -0.004 -0.0126443 
v 0.0148623 -0.004 -0.0120872 
v 0.0145473 -0.004 -0.0118977 
v 0.0147099 -0.004 -0.0119839 
v 0.0141989 -0.004 -0.0117803 
v 0.0143763 -0.004 -0.0118295 
v 0.0121955 -0.004 -0.0129858 
v 0.0136497 -0.004 -0.0151306 
v 0.0140173 -0.004 -0.0151306 
v 0.0140614 -0.004 -0.0151234 
v 0.0138335 -0.004 -0.0151406 
v 0.0155906 -0.004 0.0133141 
v 0.0155707 -0.004 0.0131311 
v 0.0155707 -0.004 0.0136812 
v 0.0155906 -0.004 0.0134982 
v 0.012255 -0.004 0.0129514 
v 0.0122154 -0.004 0.0131311 
v 0.0155311 -0.004 0.0129514 
v 0.0154723 -0.004 0.0127769 
v 0.0155311 -0.004 0.013861 
v 0.0123138 -0.004 0.0127769 
v 0.012486 -0.004 0.0124521 
v 0.0123911 -0.004 0.0126099 
v 0.0146069 -0.004 0.0118633 
v 0.0144359 -0.004 0.0117952 
v 0.0150621 -0.004 0.012172 
v 0.0149218 -0.004 0.0120528 
v 0.0153001 -0.004 0.0124521 
v 0.0151887 -0.004 0.0123056 
v 0.015395 -0.004 0.0126099 
v 0.015395 -0.004 0.0142025 
v 0.0154723 -0.004 0.0140354 
v 0.0147695 -0.004 0.0119495 
v 0.0153001 -0.004 0.0143602 
v 0.0150621 -0.004 0.0146404 
v 0.0151887 -0.004 0.0145067 
v 0.0138931 -0.004 0.0151062 
v 0.0140769 -0.004 0.0150962 
v 0.0121955 -0.004 0.0133141 
v 0.0121955 -0.004 0.0134982 
v 0.0125974 -0.004 0.0123056 
v 0.0149218 -0.004 0.0147595 
v 0.0146069 -0.004 0.014949 
v 0.0147695 -0.004 0.0148628 
v 0.0135276 -0.004 0.0150664 
v 0.0137092 -0.004 0.0150962 
v 0.012486 -0.004 0.0143602 
v 0.0125974 -0.004 0.0145067 
v 0.012255 -0.004 0.013861 
v 0.0123138 -0.004 0.0140354 
v 0.0122154 -0.004 0.0136812 
v 0.0128643 -0.004 0.0120528 
v 0.012724 -0.004 0.012172 
v 0.0135276 -0.004 0.0117459 
v 0.0133502 -0.004 0.0117952 
v 0.0142585 -0.004 0.0150664 
v 0.0144359 -0.004 0.0150172 
v 0.0128643 -0.004 0.0147595 
v 0.0130166 -0.004 0.0148628 
v 0.012724 -0.004 0.0146404 
v 0.0123911 -0.004 0.0142025 
v 0.0130166 -0.004 0.0119495 
v 0.0131792 -0.004 0.0118633 
v 0.0131792 -0.004 0.014949 
v 0.0133502 -0.004 0.0150172 
v 0.0142585 -0.004 0.0117459 
v 0.0136652 -0.004 0.0117234 
v 0.0137092 -0.004 0.0117161 
v 0.0140769 -0.004 0.0117161 
v 0.0141209 -0.004 0.0117234 
v 0.0138931 -0.004 0.0117062 
v 0.0370677 -0.004 -0.0260337 
v 0.0358457 -0.004 -0.0277157 
v 0.0362157 -0.004 -0.0273457 
v 0.0345337 -0.004 -0.0285677 
v 0.035 -0.004 -0.0283301 
v 0.0365451 -0.004 -0.0269389 
v 0.0354389 -0.004 -0.0280451 
v 0.0372553 -0.004 -0.0255451 
v 0.0373678 -0.004 -0.025125 
v 0.0335396 -0.004 -0.0288907 
v 0.0340451 -0.004 -0.0287553 
v 0.0325 -0.004 -0.029 
v 0.0330226 -0.004 -0.0289726 
v 0.0368301 -0.004 -0.0265 
v 0.0230033 -0.004 -0.0191218 
v 0.0230033 -0.004 -0.0188782 
v 0.0230296 -0.004 -0.019364 
v 0.0232621 -0.004 -0.0200539 
v 0.0231598 -0.004 -0.0198328 
v 0.0233877 -0.004 -0.0202627 
v 0.0235351 -0.004 -0.0175434 
v 0.0237027 -0.004 -0.0173665 
v 0.023082 -0.004 -0.0183981 
v 0.0231598 -0.004 -0.0181672 
v 0.0230296 -0.004 -0.018636 
v 0.0235351 -0.004 -0.0204566 
v 0.0238884 -0.004 -0.0207912 
v 0.0237027 -0.004 -0.0206335 
v 0.0314649 -0.004 -0.0204566 
v 0.0374726 -0.004 -0.0245226 
v 0.0375 -0.004 -0.024 
v 0.0373907 -0.004 -0.0250396 
v 0.0314649 -0.004 -0.0175434 
v 0.0316123 -0.004 -0.0177373 
v 0.02409 -0.004 -0.0170721 
v 0.0243052 -0.004 -0.016958 
v 0.0233877 -0.004 -0.0177373 
v 0.0232621 -0.004 -0.0179461 
v 0.023082 -0.004 -0.0196019 
v 0.0245316 -0.004 -0.0211322 
v 0.0243052 -0.004 -0.021042 
v 0.0319967 -0.004 -0.0191218 
v 0.0312973 -0.004 -0.0173665 
v 0.0304684 -0.004 -0.0168678 
v 0.0306948 -0.004 -0.016958 
v 0.0238884 -0.004 -0.0172088 
v 0.02409 -0.004 -0.0209279 
v 0.0317379 -0.004 -0.0200539 
v 0.0316123 -0.004 -0.0202627 
v 0.031918 -0.004 -0.0196019 
v 0.0318402 -0.004 -0.0198328 
v 0.0319704 -0.004 -0.019364 
v 0.0311116 -0.004 -0.0172088 
v 0.03091 -0.004 -0.0170721 
v 0.02525 -0.004 -0.01675 
v 0.02975 -0.004 -0.01675 
v 0.03091 -0.004 -0.0209279 
v 0.0306948 -0.004 -0.021042 
v 0.0299933 -0.004 -0.0167632 
v 0.0302337 -0.004 -0.0168026 
v 0.0245316 -0.004 -0.0168678 
v 0.0247663 -0.004 -0.0168026 
v 0.0304684 -0.004 -0.0211322 
v 0.0302337 -0.004 -0.0211974 
v 0.0311116 -0.004 -0.0207912 
v 0.0312973 -0.004 -0.0206335 
v 0.0319967 -0.004 -0.0188782 
v 0.031918 -0.004 -0.0183981 
v 0.0319704 -0.004 -0.018636 
v 0.0250067 -0.004 -0.0167632 
v 0.0250067 -0.004 -0.0212368 
v 0.0247663 -0.004 -0.0211974 
v 0.0299933 -0.004 -0.0212368 
v 0.0317379 -0.004 -0.0179461 
v 0.0318402 -0.004 -0.0181672 
v 0.02975 -0.004 -0.02125 
v 0.02525 -0.004 -0.02125 
v 0.0214566 -0.004 0.029 
v 0.0230761 -0.004 0.0195802 
v 0.0231508 -0.004 0.0198098 
v 0.0325 -0.004 0.029 
v 0.0252013 -0.004 0.0212495 
v 0.0244917 -0.004 0.0211184 
v 0.0247231 -0.004 0.0211874 
v 0.0240578 -0.004 0.0209082 
v 0.0242691 -0.004 0.0210249 
v 0.0235151 -0.004 0.0204327 
v 0.0236786 -0.004 0.0206103 
v 0.0232496 -0.004 0.0200301 
v 0.0297497 -0.004 0.02125 
v 0.0238602 -0.004 0.0207694 
v 0.0233715 -0.004 0.0202385 
v 0.0230024 -0.004 0.0191037 
v 0.0230264 -0.004 0.0193439 
v 0.0231633 -0.004 0.0181584 
v 0.0230851 -0.004 0.0183869 
v 0.0233905 -0.004 0.0177331 
v 0.0232655 -0.004 0.0179397 
v 0.0237032 -0.004 0.017366 
v 0.023537 -0.004 0.0175412 
v 0.0314684 -0.004 0.0204525 
v 0.0316157 -0.004 0.0202576 
v 0.0375 -0.004 0.024 
v 0.0249605 -0.004 0.0212313 
v 0.0230042 -0.004 0.0188622 
v 0.0230319 -0.004 0.0186224 
v 0.024524 -0.004 0.0168704 
v 0.0242999 -0.004 0.0169604 
v 0.0374726 -0.004 0.0245226 
v 0.0313007 -0.004 0.0206302 
v 0.0372553 -0.004 0.0255451 
v 0.0311148 -0.004 0.0207888 
v 0.0368301 -0.004 0.0265 
v 0.0309128 -0.004 0.0209262 
v 0.0362157 -0.004 0.0273457 
v 0.0345337 -0.004 0.0285677 
v 0.0340451 -0.004 0.0287553 
v 0.0306971 -0.004 0.021041 
v 0.0354389 -0.004 0.0280451 
v 0.035 -0.004 0.0283301 
v 0.0335396 -0.004 0.0288907 
v 0.0330226 -0.004 0.0289726 
v 0.0240869 -0.004 0.017074 
v 0.0238872 -0.004 0.0172097 
v 0.0247563 -0.004 0.0168048 
v 0.0317411 -0.004 0.0200479 
v 0.0373907 -0.004 0.0250396 
v 0.0370677 -0.004 0.0260337 
v 0.0365451 -0.004 0.0269389 
v 0.0358457 -0.004 0.0277157 
v 0.0304702 -0.004 0.0211316 
v 0.0249944 -0.004 0.0167646 
v 0.0375 -0.004 0.0159453 
v 0.0312861 -0.004 0.017356 
v 0.0310988 -0.004 0.0171991 
v 0.0302348 -0.004 0.0211971 
v 0.0252354 -0.004 0.01675 
v 0.0308956 -0.004 0.0170635 
v 0.0316044 -0.004 0.0177258 
v 0.0314553 -0.004 0.0175322 
v 0.0319961 -0.004 0.0188678 
v 0.0319685 -0.004 0.018625 
v 0.0319718 -0.004 0.0193551 
v 0.0319972 -0.004 0.0191121 
v 0.0306788 -0.004 0.0169507 
v 0.0304511 -0.004 0.016862 
v 0.0318355 -0.004 0.0181555 
v 0.0317317 -0.004 0.0179344 
v 0.0319148 -0.004 0.0183867 
v 0.031843 -0.004 0.0198258 
v 0.0319202 -0.004 0.019594 
v 0.0299937 -0.004 0.0212368 
v 0.0254766 -0.004 0.0167614 
v 0.0302152 -0.004 0.0167986 
v 0.0257152 -0.004 0.0167986 
v -0.0230033 -0.004 0.0191218 
v -0.0230033 -0.004 0.0188782 
v -0.0230296 -0.004 0.019364 
v -0.023082 -0.004 0.0196019 
v -0.0232621 -0.004 0.0179461 
v -0.0233877 -0.004 0.0177373 
v -0.023082 -0.004 0.0183981 
v -0.0231598 -0.004 0.0181672 
v -0.0230296 -0.004 0.018636 
v -0.0231598 -0.004 0.0198328 
v -0.02409 -0.004 0.0170721 
v -0.0243052 -0.004 0.016958 
v -0.0235351 -0.004 0.0204566 
v -0.0233877 -0.004 0.0202627 
v -0.0238884 -0.004 0.0172088 
v -0.0235351 -0.004 0.0175434 
v -0.0237027 -0.004 0.0173665 
v -0.0232621 -0.004 0.0200539 
v -0.0245316 -0.004 0.0211322 
v -0.0243052 -0.004 0.021042 
v -0.0238884 -0.004 0.0207912 
v -0.0237027 -0.004 0.0206335 
v -0.02409 -0.004 0.0209279 
v -0.0306948 -0.004 0.021042 
v -0.0304684 -0.004 0.0211322 
v -0.0330226 -0.004 0.0289726 
v -0.0345337 -0.004 0.0285677 
v -0.03091 -0.004 0.0209279 
v -0.0325 -0.004 0.029 
v -0.02525 -0.004 0.02125 
v -0.0335396 -0.004 0.0288907 
v -0.0340451 -0.004 0.0287553 
v -0.03475 -0.004 0.0284575 
v -0.0316123 -0.004 0.0202627 
v -0.0314649 -0.004 0.0204566 
v -0.0245316 -0.004 0.0168678 
v -0.0247663 -0.004 0.0168026 
v -0.02975 -0.004 0.02125 
v -0.0302337 -0.004 0.0211974 
v -0.0317379 -0.004 0.0200539 
v -0.0250067 -0.004 0.0212368 
v -0.0247663 -0.004 0.0211974 
v -0.0299933 -0.004 0.0212368 
v -0.0311116 -0.004 0.0207912 
v -0.0312973 -0.004 0.0206335 
v -0.0312973 -0.004 0.0173665 
v -0.0314649 -0.004 0.0175434 
v -0.0316123 -0.004 0.0177373 
v -0.0304684 -0.004 0.0168678 
v -0.0306948 -0.004 0.016958 
v -0.0250067 -0.004 0.0167632 
v -0.0311116 -0.004 0.0172088 
v -0.03091 -0.004 0.0170721 
v -0.031918 -0.004 0.0196019 
v -0.0318402 -0.004 0.0198328 
v -0.0319704 -0.004 0.019364 
v -0.0299933 -0.004 0.0167632 
v -0.0302337 -0.004 0.0168026 
v -0.02525 -0.004 0.01675 
v -0.0319967 -0.004 0.0191218 
v -0.031918 -0.004 0.0183981 
v -0.0319704 -0.004 0.018636 
v -0.0317379 -0.004 0.0179461 
v -0.0318402 -0.004 0.0181672 
v -0.02975 -0.004 0.01675 
v -0.0319967 -0.004 0.0188782 
v -0.0375 -0.004 0.024 
v -0.0358457 -0.004 0.0277157 
v -0.0362157 -0.004 0.0273457 
v -0.0368301 -0.004 0.0265 
v -0.0373907 -0.004 0.0250396 
v -0.0374726 -0.004 0.0245226 
v -0.0370677 -0.004 0.0260337 
v -0.0354389 -0.004 0.0280451 
v -0.0372553 -0.004 0.0255451 
v -0.0365451 -0.004 0.0269389 
v -0.035 -0.004 0.0283301 
v -0.0374726 -0.004 -0.0245226 
v -0.0373907 -0.004 -0.0250396 
v -0.0375 -0.004 -0.024 
v -0.0362157 -0.004 -0.0273457 
v -0.0358457 -0.004 -0.0277157 
v -0.0365451 -0.004 -0.0269389 
v -0.0373678 -0.004 -0.025125 
v -0.0372553 -0.004 -0.0255451 
v -0.0368301 -0.004 -0.0265 
v -0.0370677 -0.004 -0.0260337 
v -0.0354389 -0.004 -0.0280451 
v -0.035 -0.004 -0.0283301 
v -0.03475 -0.004 -0.0284575 
v -0.0345337 -0.004 -0.0285677 
v -0.0335396 -0.004 -0.0288907 
v -0.0330226 -0.004 -0.0289726 
v -0.0340451 -0.004 -0.0287553 
v -0.0325 -0.004 -0.029 
v -0.0170434 -0.004 -0.025125 
v -0.00552659 -0.004 -0.025125 
v 0.00160319 -0.004 -0.025125 
v 0.0106234 -0.004 -0.025125 
v 0.0121633 -0.004 -0.025125 
v 0.0177532 -0.004 -0.025125 
v -0.0170434 -0.004 -0.0159453 
v -0.03475 -0.004 -0.0159453 
v -0.03475 -0.004 -0.025125 
v -0.00552659 -0.004 -0.0159453 
v 0.00160319 -0.004 -0.0159453 
v 0.0106234 -0.004 -0.0159453 
v 0.0121633 -0.004 -0.0159453 
v 0.0177532 -0.004 -0.0159453 
v 0.0214566 -0.004 -0.025125 
v -0.03475 -0.004 -0.0151234 
v -0.0170434 -0.004 -0.0151234 
v -0.00552659 -0.004 -0.0151234 
v 0.00160319 -0.004 -0.0151234 
v 0.0106234 -0.004 -0.0151234 
v 0.0177532 -0.004 -0.0151234 
v 0.0214566 -0.004 -0.0159453 
v 0.0214566 -0.004 -0.0151234 
v -0.03475 -0.004 -0.0117234 
v -0.0170434 -0.004 -0.0117234 
v 0.00160319 -0.004 -0.0117234 
v 0.0177532 -0.004 -0.0117234 
v 0.0214566 -0.004 -0.0117234 
v -0.03475 -0.004 -0.00672028 
v -0.0170434 -0.004 -0.00672028 
v -0.00552659 -0.004 -0.0117234 
v 0.00160319 -0.004 -0.00672028 
v 0.0106234 -0.004 -0.0117234 
v 0.0106234 -0.004 -0.00672028 
v 0.0121633 -0.004 -0.0117234 
v 0.0121633 -0.004 -0.00672028 
v 0.0177532 -0.004 -0.00672028 
v 0.0214566 -0.004 -0.00672028 
v -0.03475 -0.004 0.00285 
v -0.00552659 -0.004 0.00285 
v -0.0170434 -0.004 0.00285 
v -0.00552659 -0.004 -0.00672028 
v 0.00160319 -0.004 0.00285 
v 0.0106234 -0.004 0.00285 
v 0.0121633 -0.004 0.00285 
v -0.03475 -0.004 0.0108531 
v -0.0170434 -0.004 0.0108531 
v -0.00552659 -0.004 0.0108531 
v 0.0106234 -0.004 0.0108531 
v 0.00160319 -0.004 0.0108531 
v 0.0121633 -0.004 0.0108531 
v 0.0177532 -0.004 0.00285 
v 0.0177532 -0.004 0.0108531 
v 0.0214566 -0.004 0.00285 
v 0.0214566 -0.004 0.0108531 
v -0.03475 -0.004 0.0117234 
v -0.0170434 -0.004 0.0117234 
v -0.00552659 -0.004 0.0117234 
v 0.00160319 -0.004 0.0117234 
v 0.0106234 -0.004 0.0117234 
v 0.0177532 -0.004 0.0117234 
v 0.0214566 -0.004 0.0117234 
v -0.03475 -0.004 0.0159453 
v -0.0170434 -0.004 0.0159453 
v -0.00552659 -0.004 0.0159453 
v 0.00160319 -0.004 0.0159453 
v 0.0106234 -0.004 0.0159453 
v 0.0121633 -0.004 0.0117234 
v 0.0177532 -0.004 0.0159453 
v 0.0214566 -0.004 0.0159453 
v 0.0121633 -0.004 0.0159453 
v 0.0121633 -0.004 -0.0151234 
v -0.0170434 0 0.029 
v -0.00552659 0 0.029 
v 0.00160319 0 0.029 
v 0.0106234 0 0.029 
v 0.0121633 0 0.029 
v 0.0177532 0 0.029 
v 0.0214566 0 0.029 
v -0.0375 0 0.0159453 
v -2.76502e-05 0 0.0140698 
v -0.00010494 0 0.0142368 
v 9.05962e-05 0 0.0135326 
v 3.11244e-05 0 0.0138954 
v 7.06945e-05 0 0.0137156 
v 7.06945e-05 0 0.0131655 
v 9.05962e-05 0 0.0133485 
v -2.76502e-05 0 0.0128113 
v 3.11244e-05 0 0.0129858 
v -0.000437822 0 0.0122064 
v -0.000311235 0 0.01234 
v -0.00010494 0 0.0126443 
v -0.000578114 0 0.0120872 
v -0.002776 0 0.0146747 
v -0.00290259 0 0.0145411 
v -0.000199839 0 0.0124865 
v -0.00318617 0 0.0128113 
v -0.00310888 0 0.0126443 
v -0.00328452 0 0.0137156 
v -0.00330442 0 0.0135326 
v -0.00263571 0 0.0147939 
v -0.00232072 0 0.0149834 
v -0.00248335 0 0.0148972 
v -0.000199839 0 0.0143946 
v -0.000311235 0 0.0145411 
v -0.000893099 0 0.0118977 
v -0.000730469 0 0.0119839 
v -0.00301398 0 0.0124865 
v -0.00328452 0 0.0131655 
v -0.00324495 0 0.0129858 
v -0.00330442 0 0.0133485 
v -0.00324495 0 0.0138954 
v -0.00310888 0 0.0142368 
v -0.00318617 0 0.0140698 
v -0.0010641 0 0.0118295 
v -0.00160691 0 0.0117406 
v -0.00142311 0 0.0117505 
v -0.00263571 0 0.0120872 
v -0.00248335 0 0.0119839 
v -0.00301398 0 0.0143946 
v -0.00214972 0 0.0150516 
v -0.000578114 0 0.0147939 
v -0.000730469 0 0.0148972 
v -0.00124146 0 0.0117803 
v -0.00179071 0 0.0117505 
v -0.00232072 0 0.0118977 
v -0.00290259 0 0.01234 
v -0.002776 0 0.0122064 
v -0.00160691 0 0.0151406 
v -0.000437822 0 0.0146747 
v -0.00197236 0 0.0117803 
v -0.00179071 0 0.0151306 
v -0.00214972 0 0.0118295 
v -0.00197236 0 0.0151008 
v -0.00124146 0 0.0151008 
v -0.00142311 0 0.0151306 
v -0.000893099 0 0.0149834 
v -0.0010641 0 0.0150516 
v 0.0375 0 0.0159453 
v 0.0375 0 0.0117234 
v -0.0375 0 0.0117234 
v 0.0375 0 0.0108531 
v -0.0375 0 0.0108531 
v 0.0375 0 0.00285 
v -0.0375 0 0.00285 
v -0.00851027 0 0.00145666 
v -0.0086729 0 0.00154288 
v -0.0088439 0 0.00161101 
v -0.00821762 0 0.00123419 
v -0.00835791 0 0.00135336 
v -0.00788474 0 0.000796294 
v -0.00797964 0 0.000954018 
v -0.0076892 0 -9.20361e-05 
v -0.0076892 0 9.20361e-05 
v -0.00770911 0 -0.000275029 
v -0.00902126 0 0.00166025 
v -0.00920291 0 0.00169003 
v -0.00809104 0 0.00110056 
v -0.00774868 0 0.000454798 
v -0.00780745 0 0.000629235 
v -0.00851027 0 -0.00145666 
v -0.00835791 0 -0.00135336 
v -0.00902126 0 -0.00166025 
v -0.0088439 0 -0.00161101 
v -0.00938671 0 -0.0017 
v -0.00920291 0 -0.00169003 
v -0.00770911 0 0.000275029 
v -0.0086729 0 -0.00154288 
v -0.00975216 0 -0.00166025 
v -0.00957051 0 -0.00169003 
v -0.0102632 0 -0.00145666 
v -0.0101005 0 -0.00154288 
v -0.0105558 0 0.00123419 
v -0.0106824 0 0.00110056 
v -0.00774868 0 -0.000454798 
v -0.00788474 0 -0.000796294 
v -0.00780745 0 -0.000629235 
v -0.00821762 0 -0.00123419 
v -0.00809104 0 -0.00110056 
v -0.00992952 0 -0.00161101 
v -0.0108887 0 -0.000796294 
v -0.0107938 0 -0.000954018 
v -0.0110643 0 -0.000275029 
v -0.0108887 0 0.000796294 
v -0.010966 0 0.000629235 
v -0.0107938 0 0.000954018 
v -0.00797964 0 -0.000954018 
v -0.0106824 0 -0.00110056 
v -0.0110247 0 -0.000454798 
v -0.010966 0 -0.000629235 
v -0.0110842 0 -9.20361e-05 
v -0.0110247 0 0.000454798 
v -0.0110643 0 0.000275029 
v -0.0102632 0 0.00145666 
v -0.0104155 0 0.00135336 
v -0.00992952 0 0.00161101 
v -0.0101005 0 0.00154288 
v -0.00957051 0 0.00169003 
v -0.00975216 0 0.00166025 
v -0.00938671 0 0.0017 
v -0.0105558 0 -0.00123419 
v -0.0104155 0 -0.00135336 
v -0.0110842 0 9.20361e-05 
v -0.0375 0 -0.00672028 
v 0.0375 0 -0.00672028 
v 0.0375 0 -0.0117234 
v -0.0375 0 -0.0117234 
v 0.0375 0 -0.0151234 
v -0.0375 0 -0.0151234 
v 0.0375 0 -0.0159453 
v -0.0230033 0 -0.0191218 
v -0.0230033 0 -0.0188782 
v -0.0230296 0 -0.019364 
v -0.0230296 0 -0.018636 
v -0.023082 0 -0.0183981 
v -0.0232621 0 -0.0200539 
v -0.0231598 0 -0.0198328 
v -0.0235351 0 -0.0204566 
v -0.0233877 0 -0.0202627 
v -0.02409 0 -0.0170721 
v -0.0243052 0 -0.016958 
v -0.0232621 0 -0.0179461 
v -0.0233877 0 -0.0177373 
v -0.023082 0 -0.0196019 
v -0.0238884 0 -0.0172088 
v -0.0235351 0 -0.0175434 
v -0.0237027 0 -0.0173665 
v -0.0231598 0 -0.0181672 
v -0.0245316 0 -0.0211322 
v -0.0243052 0 -0.021042 
v -0.0238884 0 -0.0207912 
v -0.0237027 0 -0.0206335 
v -0.02409 0 -0.0209279 
v -0.0245316 0 -0.0168678 
v -0.0247663 0 -0.0168026 
v -0.0316123 0 -0.0202627 
v -0.0314649 0 -0.0204566 
v -0.0250067 0 -0.0212368 
v -0.0247663 0 -0.0211974 
v -0.02975 0 -0.02125 
v -0.02525 0 -0.02125 
v -0.03091 0 -0.0209279 
v -0.0306948 0 -0.021042 
v -0.0317379 0 -0.0200539 
v -0.0311116 0 -0.0207912 
v -0.0312973 0 -0.0206335 
v -0.0250067 0 -0.0167632 
v -0.0299933 0 -0.0212368 
v -0.0304684 0 -0.0211322 
v -0.0302337 0 -0.0211974 
v -0.0312973 0 -0.0173665 
v -0.0314649 0 -0.0175434 
v -0.0316123 0 -0.0177373 
v -0.0304684 0 -0.0168678 
v -0.0306948 0 -0.016958 
v -0.031918 0 -0.0196019 
v -0.0318402 0 -0.0198328 
v -0.0319967 0 -0.0191218 
v -0.0319704 0 -0.019364 
v -0.0311116 0 -0.0172088 
v -0.03091 0 -0.0170721 
v -0.0299933 0 -0.0167632 
v -0.0302337 0 -0.0168026 
v -0.02525 0 -0.01675 
v -0.02975 0 -0.01675 
v -0.0319967 0 -0.0188782 
v -0.031918 0 -0.0183981 
v -0.0319704 0 -0.018636 
v -0.0317379 0 -0.0179461 
v -0.0318402 0 -0.0181672 
v -0.00552659 0 -0.029 
v 0.00160319 0 -0.029 
v 0.0106234 0 -0.029 
v 0.0121633 0 -0.029 
v 0.0177532 0 -0.029 
v 0.0214566 0 -0.029 
v 0.0211538 0 -0.00167112 
v 0.0209784 0 -0.0016114 
v 0.0206523 0 -0.00143672 
v 0.0208106 0 -0.00153296 
v 0.0208139 0 0.00150035 
v 0.0206554 0 0.00140446 
v 0.020982 0 0.00157842 
v 0.0213346 0 -0.0017114 
v 0.0205054 0 -0.00132383 
v 0.0202527 0 -0.00105363 
v 0.0203717 0 -0.00119563 
v 0.0214566 0 0.00169043 
v 0.0213384 0 0.00167762 
v 0.0201499 0 -0.000899535 
v 0.0199495 0 -0.000383503 
v 0.0199974 0 -0.000562468 
v 0.0205083 0 0.0012919 
v 0.0211575 0 0.00163775 
v 0.0200644 0 -0.000735163 
v 0.0199214 0 -0.000200391 
v 0.0199218 0 0.000169756 
v 0.0199134 0 -1.53086e-05 
v 0.0199986 0 0.000531664 
v 0.0199503 0 0.000352805 
v 0.0201518 0 0.000868391 
v 0.020066 0 0.000704209 
v 0.0203743 0 0.00116399 
v 0.020255 0 0.00102226 
v 0.0224126 0 -0.00153474 
v 0.0233048 0 -0.000204145 
v 0.0233132 0 -1.908e-05 
v 0.0225711 0 -0.00143885 
v 0.022416 0 0.00149857 
v 0.0233052 0 0.000166003 
v 0.0227182 0 -0.00132629 
v 0.0217078 0 0.00169737 
v 0.0215225 0 0.00169758 
v 0.0222481 0 0.00157702 
v 0.0232292 0 0.00052808 
v 0.0231621 0 0.000700774 
v 0.0232771 0 0.000349114 
v 0.0232762 0 -0.000387193 
v 0.0222446 0 -0.00161281 
v 0.0218882 0 -0.00171201 
v 0.0220691 0 -0.00167213 
v 0.0214566 0 -0.00172489 
v 0.0215187 0 -0.00173176 
v 0.0218919 0 0.00167701 
v 0.0220728 0 0.00163673 
v 0.0229739 0 0.00101925 
v 0.0228549 0 0.00116124 
v 0.023228 0 -0.000566052 
v 0.0229716 0 -0.00105665 
v 0.0230747 0 -0.00090278 
v 0.021704 0 -0.00173196 
v 0.0227211 0 0.00128944 
v 0.0228523 0 -0.00119838 
v 0.0225743 0 0.00140234 
v 0.0230767 0 0.000865147 
v 0.0231605 0 -0.000738597 
v -0.00185028 0 -0.0117161 
v -0.00189437 0 -0.0117234 
v -0.00166647 0 -0.0117062 
v -0.00143858 0 -0.0117234 
v -0.00148267 0 -0.0117161 
v -8.7213e-05 0 -0.0127769 
v -0.000164503 0 -0.0126099 
v -2.84384e-05 0 -0.0129514 
v 3.10334e-05 0 -0.0133141 
v 1.11317e-05 0 -0.0131311 
v 3.10334e-05 0 -0.0134982 
v 1.11317e-05 0 -0.0136812 
v -8.7213e-05 0 -0.0140354 
v -2.84384e-05 0 -0.013861 
v -0.000497384 0 -0.0146404 
v -0.000370798 0 -0.0145067 
v -0.000790032 0 -0.0148628 
v -0.000637677 0 -0.0147595 
v -0.000370798 0 -0.0123056 
v -0.000497384 0 -0.012172 
v -0.000164503 0 -0.0142025 
v -0.000637677 0 -0.0120528 
v -0.000259402 0 -0.0143602 
v -0.00283556 0 -0.012172 
v -0.00296215 0 -0.0123056 
v -0.000952662 0 -0.0118633 
v -0.00112366 0 -0.0117952 
v -0.000259402 0 -0.0124521 
v -0.00130102 0 -0.0150664 
v -0.00112366 0 -0.0150172 
v -0.00185028 0 -0.0150962 
v -0.00166647 0 -0.0151062 
v -0.00307354 0 -0.0124521 
v -0.000790032 0 -0.0119495 
v -0.000952662 0 -0.014949 
v -0.00148267 0 -0.0150962 
v -0.00203192 0 -0.0150664 
v -0.00238028 0 -0.014949 
v -0.00220929 0 -0.0150172 
v -0.00336398 0 -0.0133141 
v -0.00336398 0 -0.0134982 
v -0.00269527 0 -0.0120528 
v -0.00238028 0 -0.0118633 
v -0.00254291 0 -0.0119495 
v -0.00130102 0 -0.0117459 
v -0.00254291 0 -0.0148628 
v -0.00316844 0 -0.0142025 
v -0.00307354 0 -0.0143602 
v -0.00330451 0 -0.0129514 
v -0.00334408 0 -0.0131311 
v -0.00316844 0 -0.0126099 
v -0.00324573 0 -0.0127769 
v -0.00296215 0 -0.0145067 
v -0.00283556 0 -0.0146404 
v -0.00324573 0 -0.0140354 
v -0.00334408 0 -0.0136812 
v -0.00330451 0 -0.013861 
v -0.00269527 0 -0.0147595 
v -0.00203192 0 -0.0117459 
v -0.00220929 0 -0.0117952 
v 0.0126644 0 -0.0122064 
v 0.0125378 0 -0.01234 
v 0.0138335 0 -0.0117406 
v 0.0136497 0 -0.0117505 
v 0.015531 0 -0.0133485 
v 0.0155111 0 -0.0131655 
v 0.015531 0 -0.0135326 
v 0.0128047 0 -0.0120872 
v 0.0131197 0 -0.0118977 
v 0.012957 0 -0.0119839 
v 0.013468 0 -0.0117803 
v 0.0154715 0 -0.0129858 
v 0.0154127 0 -0.0128113 
v 0.0154715 0 -0.0138954 
v 0.0155111 0 -0.0137156 
v 0.0132907 0 -0.0118295 
v 0.0140173 0 -0.0117505 
v 0.0152406 0 -0.0124865 
v 0.0151292 0 -0.01234 
v 0.0153355 0 -0.0126443 
v 0.0153355 0 -0.0142368 
v 0.0154127 0 -0.0140698 
v 0.0150026 0 -0.0146747 
v 0.0151292 0 -0.0145411 
v 0.0124264 0 -0.0124865 
v 0.0123315 0 -0.0126443 
v 0.0141989 0 -0.0117803 
v 0.0148623 0 -0.0120872 
v 0.0147099 0 -0.0119839 
v 0.0150026 0 -0.0122064 
v 0.0152406 0 -0.0143946 
v 0.0148623 0 -0.0147939 
v 0.0145473 0 -0.0149834 
v 0.0147099 0 -0.0148972 
v 0.0140614 0 -0.0151234 
v 0.0141989 0 -0.0151008 
v 0.0122542 0 -0.0128113 
v 0.0145473 0 -0.0118977 
v 0.0143763 0 -0.0118295 
v 0.0143763 0 -0.0150516 
v 0.0121955 0 -0.0129858 
v 0.0121559 0 -0.0137156 
v 0.0121633 0 -0.0137491 
v 0.012136 0 -0.0135326 
v 0.012136 0 -0.0133485 
v 0.0121633 0 -0.013132 
v 0.0121559 0 -0.0131655 
v 0.0126644 0 -0.0146747 
v 0.0128047 0 -0.0147939 
v 0.012957 0 -0.0148972 
v 0.0124264 0 -0.0143946 
v 0.0125378 0 -0.0145411 
v 0.0122542 0 -0.0140698 
v 0.0123315 0 -0.0142368 
v 0.0132907 0 -0.0150516 
v 0.013468 0 -0.0151008 
v 0.0131197 0 -0.0149834 
v 0.0121955 0 -0.0138954 
v 0.0140173 0 -0.0151306 
v 0.0138335 0 -0.0151406 
v 0.0136056 0 -0.0151234 
v 0.0136497 0 -0.0151306 
v 0.0121955 0 0.0133141 
v 0.0122154 0 0.0131311 
v 0.0123138 0 0.0127769 
v 0.0123911 0 0.0126099 
v 0.012255 0 0.0129514 
v 0.0155906 0 0.0134982 
v 0.0155707 0 0.0136812 
v 0.0131792 0 0.0118633 
v 0.0133502 0 0.0117952 
v 0.0125974 0 0.0123056 
v 0.012724 0 0.012172 
v 0.012486 0 0.0124521 
v 0.0121955 0 0.0134982 
v 0.0155311 0 0.013861 
v 0.0154723 0 0.0140354 
v 0.0155906 0 0.0133141 
v 0.0155311 0 0.0129514 
v 0.0155707 0 0.0131311 
v 0.0130166 0 0.0119495 
v 0.0128643 0 0.0120528 
v 0.012255 0 0.013861 
v 0.0122154 0 0.0136812 
v 0.0123911 0 0.0142025 
v 0.0123138 0 0.0140354 
v 0.0140769 0 0.0150962 
v 0.0153001 0 0.0143602 
v 0.0151887 0 0.0145067 
v 0.015395 0 0.0142025 
v 0.015395 0 0.0126099 
v 0.0154723 0 0.0127769 
v 0.012486 0 0.0143602 
v 0.012724 0 0.0146404 
v 0.0125974 0 0.0145067 
v 0.0138931 0 0.0151062 
v 0.0137092 0 0.0150962 
v 0.0142585 0 0.0150664 
v 0.0149218 0 0.0147595 
v 0.0147695 0 0.0148628 
v 0.0150621 0 0.0146404 
v 0.0153001 0 0.0124521 
v 0.0150621 0 0.012172 
v 0.0151887 0 0.0123056 
v 0.0147695 0 0.0119495 
v 0.0149218 0 0.0120528 
v 0.0142585 0 0.0117459 
v 0.0144359 0 0.0117952 
v 0.0135276 0 0.0117459 
v 0.0128643 0 0.0147595 
v 0.0131792 0 0.014949 
v 0.0130166 0 0.0148628 
v 0.0146069 0 0.014949 
v 0.0144359 0 0.0150172 
v 0.0146069 0 0.0118633 
v 0.0135276 0 0.0150664 
v 0.0133502 0 0.0150172 
v 0.0141209 0 0.0117234 
v 0.0140769 0 0.0117161 
v 0.0138931 0 0.0117062 
v 0.0136652 0 0.0117234 
v 0.0137092 0 0.0117161 
v 0.0230033 0 -0.0191218 
v 0.023082 0 -0.0196019 
v 0.0231598 0 -0.0198328 
v 0.0230033 0 -0.0188782 
v 0.0314649 0 -0.0204566 
v 0.0374726 0 -0.0245226 
v 0.0373907 0 -0.0250396 
v 0.0316123 0 -0.0202627 
v 0.0375 0 -0.024 
v 0.0232621 0 -0.0200539 
v 0.0230296 0 -0.018636 
v 0.0235351 0 -0.0204566 
v 0.0237027 0 -0.0206335 
v 0.0233877 0 -0.0202627 
v 0.0230296 0 -0.019364 
v 0.0232621 0 -0.0179461 
v 0.0231598 0 -0.0181672 
v 0.0238884 0 -0.0172088 
v 0.0237027 0 -0.0173665 
v 0.0373678 0 -0.025125 
v 0.02409 0 -0.0209279 
v 0.0243052 0 -0.021042 
v 0.023082 0 -0.0183981 
v 0.0233877 0 -0.0177373 
v 0.0235351 0 -0.0175434 
v 0.0245316 0 -0.0168678 
v 0.0243052 0 -0.016958 
v 0.0312973 0 -0.0206335 
v 0.0304684 0 -0.0211322 
v 0.0306948 0 -0.021042 
v 0.0238884 0 -0.0207912 
v 0.02409 0 -0.0170721 
v 0.0311116 0 -0.0207912 
v 0.03091 0 -0.0209279 
v 0.02525 0 -0.02125 
v 0.02975 0 -0.02125 
v 0.0317379 0 -0.0179461 
v 0.0316123 0 -0.0177373 
v 0.0299933 0 -0.0212368 
v 0.0302337 0 -0.0211974 
v 0.0245316 0 -0.0211322 
v 0.0247663 0 -0.0211974 
v 0.03091 0 -0.0170721 
v 0.0306948 0 -0.016958 
v 0.0314649 0 -0.0175434 
v 0.031918 0 -0.0183981 
v 0.0318402 0 -0.0181672 
v 0.0319967 0 -0.0188782 
v 0.0319704 0 -0.018636 
v 0.0319704 0 -0.019364 
v 0.0319967 0 -0.0191218 
v 0.0250067 0 -0.0212368 
v 0.0250067 0 -0.0167632 
v 0.0247663 0 -0.0168026 
v 0.0311116 0 -0.0172088 
v 0.0312973 0 -0.0173665 
v 0.031918 0 -0.0196019 
v 0.0317379 0 -0.0200539 
v 0.0318402 0 -0.0198328 
v 0.02975 0 -0.01675 
v 0.0304684 0 -0.0168678 
v 0.0302337 0 -0.0168026 
v 0.02525 0 -0.01675 
v 0.0299933 0 -0.0167632 
v 0.0370677 0 -0.0260337 
v 0.0354389 0 -0.0280451 
v 0.035 0 -0.0283301 
v 0.0358457 0 -0.0277157 
v 0.0368301 0 -0.0265 
v 0.0365451 0 -0.0269389 
v 0.0335396 0 -0.0288907 
v 0.0330226 0 -0.0289726 
v 0.0345337 0 -0.0285677 
v 0.0340451 0 -0.0287553 
v 0.0362157 0 -0.0273457 
v 0.0372553 0 -0.0255451 
v 0.0325 0 -0.029 
v -0.0340451 0 -0.0287553 
v -0.0345337 0 -0.0285677 
v -0.0335396 0 -0.0288907 
v -0.0325 0 -0.029 
v -0.0330226 0 -0.0289726 
v -0.0170434 0 -0.029 
v -0.0358457 0 -0.0277157 
v -0.0362157 0 -0.0273457 
v -0.0370677 0 -0.0260337 
v -0.0372553 0 -0.0255451 
v -0.0354389 0 -0.0280451 
v -0.0368301 0 -0.0265 
v -0.0365451 0 -0.0269389 
v -0.03475 0 -0.0284575 
v -0.035 0 -0.0283301 
v -0.0373678 0 -0.025125 
v -0.0373907 0 -0.0250396 
v -0.0375 0 -0.024 
v -0.0374726 0 -0.0245226 
v -0.0375 0 0.024 
v -0.0362157 0 0.0273457 
v -0.0358457 0 0.0277157 
v -0.0365451 0 0.0269389 
v -0.0373907 0 0.0250396 
v -0.0372553 0 0.0255451 
v -0.0370677 0 0.0260337 
v -0.0368301 0 0.0265 
v -0.0374726 0 0.0245226 
v -0.0354389 0 0.0280451 
v -0.035 0 0.0283301 
v -0.03475 0 0.0284575 
v -0.0230296 0 0.019364 
v -0.023082 0 0.0196019 
v -0.0230033 0 0.0188782 
v -0.0230033 0 0.0191218 
v -0.0230296 0 0.018636 
v -0.0232621 0 0.0179461 
v -0.0231598 0 0.0181672 
v -0.0235351 0 0.0175434 
v -0.0233877 0 0.0177373 
v -0.02409 0 0.0209279 
v -0.0243052 0 0.021042 
v -0.0232621 0 0.0200539 
v -0.0233877 0 0.0202627 
v -0.023082 0 0.0183981 
v -0.0238884 0 0.0207912 
v -0.0235351 0 0.0204566 
v -0.0237027 0 0.0206335 
v -0.0231598 0 0.0198328 
v -0.0245316 0 0.0168678 
v -0.0243052 0 0.016958 
v -0.0250067 0 0.0212368 
v -0.02525 0 0.02125 
v -0.0238884 0 0.0172088 
v -0.0237027 0 0.0173665 
v -0.02409 0 0.0170721 
v -0.0325 0 0.029 
v -0.0245316 0 0.0211322 
v -0.0247663 0 0.0211974 
v -0.0316123 0 0.0177373 
v -0.0314649 0 0.0175434 
v -0.02975 0 0.01675 
v -0.02525 0 0.01675 
v -0.03091 0 0.0170721 
v -0.0306948 0 0.016958 
v -0.0317379 0 0.0179461 
v -0.0250067 0 0.0167632 
v -0.0247663 0 0.0168026 
v -0.0311116 0 0.0172088 
v -0.0312973 0 0.0173665 
v -0.0299933 0 0.0167632 
v -0.0304684 0 0.0168678 
v -0.0302337 0 0.0168026 
v -0.0345337 0 0.0285677 
v -0.0340451 0 0.0287553 
v -0.0306948 0 0.021042 
v -0.0335396 0 0.0288907 
v -0.0330226 0 0.0289726 
v -0.0312973 0 0.0206335 
v -0.0314649 0 0.0204566 
v -0.03091 0 0.0209279 
v -0.031918 0 0.0183981 
v -0.0318402 0 0.0181672 
v -0.0316123 0 0.0202627 
v -0.0304684 0 0.0211322 
v -0.0319967 0 0.0188782 
v -0.0319704 0 0.018636 
v -0.0311116 0 0.0207912 
v -0.0299933 0 0.0212368 
v -0.0302337 0 0.0211974 
v -0.031918 0 0.0196019 
v -0.0319704 0 0.019364 
v -0.02975 0 0.02125 
v -0.0319967 0 0.0191218 
v -0.0317379 0 0.0200539 
v -0.0318402 0 0.0198328 
v 0.0232496 0 0.0200301 
v 0.0231508 0 0.0198098 
v 0.0306971 0 0.021041 
v 0.0304702 0 0.0211316 
v 0.0330226 0 0.0289726 
v 0.0309128 0 0.0209262 
v 0.0345337 0 0.0285677 
v 0.035 0 0.0283301 
v 0.0358457 0 0.0277157 
v 0.0362157 0 0.0273457 
v 0.0314684 0 0.0204525 
v 0.0374726 0 0.0245226 
v 0.0375 0 0.024 
v 0.0233715 0 0.0202385 
v 0.0302348 0 0.0211971 
v 0.0325 0 0.029 
v 0.0335396 0 0.0288907 
v 0.0340451 0 0.0287553 
v 0.0354389 0 0.0280451 
v 0.0311148 0 0.0207888 
v 0.0365451 0 0.0269389 
v 0.0368301 0 0.0265 
v 0.0313007 0 0.0206302 
v 0.0370677 0 0.0260337 
v 0.0372553 0 0.0255451 
v 0.0373907 0 0.0250396 
v 0.0230264 0 0.0193439 
v 0.0235151 0 0.0204327 
v 0.0238602 0 0.0207694 
v 0.0236786 0 0.0206103 
v 0.0244917 0 0.0211184 
v 0.0242691 0 0.0210249 
v 0.0249605 0 0.0212313 
v 0.0247231 0 0.0211874 
v 0.031843 0 0.0198258 
v 0.0317411 0 0.0200479 
v 0.0308956 0 0.0170635 
v 0.0310988 0 0.0171991 
v 0.0233905 0 0.0177331 
v 0.023537 0 0.0175412 
v 0.0231633 0 0.0181584 
v 0.0232655 0 0.0179397 
v 0.0230319 0 0.0186224 
v 0.0230851 0 0.0183869 
v 0.0230024 0 0.0191037 
v 0.0230761 0 0.0195802 
v 0.0240578 0 0.0209082 
v 0.0299937 0 0.0212368 
v 0.0316157 0 0.0202576 
v 0.0319972 0 0.0191121 
v 0.0319148 0 0.0183867 
v 0.0319685 0 0.018625 
v 0.0312861 0 0.017356 
v 0.0314553 0 0.0175322 
v 0.0306788 0 0.0169507 
v 0.0254766 0 0.0167614 
v 0.0257152 0 0.0167986 
v 0.0302152 0 0.0167986 
v 0.0252354 0 0.01675 
v 0.0240869 0 0.017074 
v 0.0242999 0 0.0169604 
v 0.0230042 0 0.0188622 
v 0.0297497 0 0.02125 
v 0.0252013 0 0.0212495 
v 0.0319718 0 0.0193551 
v 0.0319202 0 0.019594 
v 0.0319961 0 0.0188678 
v 0.0318355 0 0.0181555 
v 0.0316044 0 0.0177258 
v 0.0317317 0 0.0179344 
v 0.0304511 0 0.016862 
v 0.024524 0 0.0168704 
v 0.0237032 0 0.017366 
v 0.0238872 0 0.0172097 
v 0.0249944 0 0.0167646 
v 0.0247563 0 0.0168048 
v -0.0375 0 -0.0159453 
v -0.00552659 0 0.0159453 
v 0.00160319 0 0.0159453 
v 0.0106234 0 0.0159453 
v 0.0121633 0 0.0159453 
v 0.0177532 0 0.0159453 
v 0.0214566 0 0.0159453 
v -0.03475 0 0.0159453 
v -0.03475 0 0.0117234 
v -0.0170434 0 0.0159453 
v -0.0170434 0 0.0117234 
v -0.00552659 0 0.0117234 
v 0.00160319 0 0.0117234 
v 0.0106234 0 0.0117234 
v 0.0121633 0 0.0117234 
v 0.0214566 0 0.0117234 
v -0.03475 0 0.0108531 
v -0.0170434 0 0.0108531 
v -0.00552659 0 0.0108531 
v 0.00160319 0 0.0108531 
v 0.0106234 0 0.0108531 
v 0.0121633 0 0.0108531 
v 0.0177532 0 0.0117234 
v 0.0214566 0 0.0108531 
v -0.03475 0 0.00285 
v -0.0170434 0 0.00285 
v -0.00552659 0 0.00285 
v 0.00160319 0 0.00285 
v 0.0106234 0 0.00285 
v 0.0121633 0 0.00285 
v 0.0177532 0 0.0108531 
v 0.0177532 0 0.00285 
v 0.0214566 0 0.00285 
v -0.03475 0 -0.00672028 
v -0.0170434 0 -0.00672028 
v -0.00552659 0 -0.00672028 
v 0.00160319 0 -0.00672028 
v 0.0106234 0 -0.00672028 
v 0.0121633 0 -0.00672028 
v 0.0177532 0 -0.00672028 
v -0.03475 0 -0.0117234 
v -0.0170434 0 -0.0117234 
v -0.00552659 0 -0.0117234 
v 0.0106234 0 -0.0117234 
v 0.0121633 0 -0.0117234 
v 0.0177532 0 -0.0117234 
v 0.0214566 0 -0.00672028 
v 0.0214566 0 -0.0117234 
v -0.03475 0 -0.0151234 
v -0.0170434 0 -0.0151234 
v -0.00552659 0 -0.0151234 
v 0.00160319 0 -0.0117234 
v 0.0106234 0 -0.0151234 
v 0.0214566 0 -0.0151234 
v -0.03475 0 -0.0159453 
v -0.0170434 0 -0.0159453 
v -0.00552659 0 -0.0159453 
v 0.00160319 0 -0.0151234 
v 0.00160319 0 -0.0159453 
v 0.0106234 0 -0.0159453 
v 0.0121633 0 -0.0151234 
v 0.0121633 0 -0.0159453 
v 0.0177532 0 -0.0151234 
v 0.0214566 0 -0.0159453 
v -0.0170434 0 -0.025125 
v -0.03475 0 -0.025125 
v -0.00552659 0 -0.025125 
v 0.00160319 0 -0.025125 
v 0.0106234 0 -0.025125 
v 0.0121633 0 -0.025125 
v 0.0177532 0 -0.0159453 
v 0.0177532 0 -0.025125 
v 0.0214566 0 -0.025125 
vn 0.108119 0 -0.994138 
vn 2.44929e-16 0 -1 
vn 0.21497 0 -0.976621 
vn 0.108119 0 -0.994138 
vn 0.319302 0 -0.947653 
vn 0.21497 0 -0.976621 
vn 0.419889 0 -0.907575 
vn 0.319302 0 -0.947653 
vn 0.515554 0 -0.856857 
vn 0.419889 0 -0.907575 
vn 0.605174 0 -0.796093 
vn 0.515554 0 -0.856857 
vn 0.687699 0 -0.725995 
vn 0.605174 0 -0.796093 
vn 0.762162 0 -0.647386 
vn 0.687699 0 -0.725995 
vn 0.827689 0 -0.561187 
vn 0.762162 0 -0.647386 
vn 0.883512 0 -0.468408 
vn 0.827689 0 -0.561187 
vn 0.928977 0 -0.370138 
vn 0.883512 0 -0.468408 
vn 0.96355 0 -0.267528 
vn 0.928977 0 -0.370138 
vn 0.986827 0 -0.161782 
vn 0.96355 0 -0.267528 
vn 0.998533 0 -0.0541389 
vn 0.986827 0 -0.161782 
vn 0.998533 0 0.0541389 
vn 0.998533 0 -0.0541389 
vn 0.986827 0 0.161782 
vn 0.998533 0 0.0541389 
vn 0.96355 0 0.267528 
vn 0.986827 0 0.161782 
vn 0.928977 0 0.370138 
vn 0.96355 0 0.267528 
vn 0.883512 0 0.468408 
vn 0.928977 0 0.370138 
vn 0.827689 0 0.561187 
vn 0.883512 0 0.468408 
vn 0.762162 0 0.647386 
vn 0.827689 0 0.561187 
vn 0.687699 0 0.725995 
vn 0.762162 0 0.647386 
vn 0.605174 0 0.796093 
vn 0.687699 0 0.725995 
vn 0.515554 0 0.856857 
vn 0.605174 0 0.796093 
vn 0.419889 0 0.907575 
vn 0.515554 0 0.856857 
vn 0.319302 0 0.947653 
vn 0.419889 0 0.907575 
vn 0.21497 0 0.976621 
vn 0.319302 0 0.947653 
vn 0.108119 0 0.994138 
vn 0.21497 0 0.976621 
vn -1.22465e-16 0 1 
vn 0.108119 0 0.994138 
vn -0.108119 0 0.994138 
vn -1.22465e-16 0 1 
vn -0.21497 0 0.976621 
vn -0.108119 0 0.994138 
vn -0.319302 0 0.947653 
vn -0.21497 0 0.976621 
vn -0.419889 0 0.907575 
vn -0.319302 0 0.947653 
vn -0.515554 0 0.856857 
vn -0.419889 0 0.907575 
vn -0.605174 0 0.796093 
vn -0.515554 0 0.856857 
vn -0.687699 0 0.725995 
vn -0.605174 0 0.796093 
vn -0.762162 0 0.647386 
vn -0.687699 0 0.725995 
vn -0.827689 0 0.561187 
vn -0.762162 0 0.647386 
vn -0.883512 0 0.468408 
vn -0.827689 0 0.561187 
vn -0.928977 0 0.370138 
vn -0.883512 0 0.468408 
vn -0.96355 0 0.267528 
vn -0.928977 0 0.370138 
vn -0.986827 0 0.161782 
vn -0.96355 0 0.267528 
vn -0.998533 0 0.0541389 
vn -0.986827 0 0.161782 
vn -0.998533 0 -0.0541389 
vn -0.998533 0 0.0541389 
vn -0.986827 0 -0.161782 
vn -0.998533 0 -0.0541389 
vn -0.96355 0 -0.267528 
vn -0.986827 0 -0.161782 
vn -0.928977 0 -0.370138 
vn -0.96355 0 -0.267528 
vn -0.883512 0 -0.468408 
vn -0.928977 0 -0.370138 
vn -0.827689 0 -0.561187 
vn -0.883512 0 -0.468408 
vn -0.762162 0 -0.647386 
vn -0.827689 0 -0.561187 
vn -0.687699 0 -0.725995 
vn -0.762162 0 -0.647386 
vn -0.605174 0 -0.796093 
vn -0.687699 0 -0.725995 
vn -0.515554 0 -0.856857 
vn -0.605174 0 -0.796093 
vn -0.419889 0 -0.907575 
vn -0.515554 0 -0.856857 
vn -0.319302 0 -0.947653 
vn -0.419889 0 -0.907575 
vn -0.21497 0 -0.976621 
vn -0.319302 0 -0.947653 
vn -0.108119 0 -0.994138 
vn -0.21497 0 -0.976621 
vn 0 -1 0 
vn 0 1 0 
vn 1 0 0 
vn 0 0 1 
vn -1 0 0 
vn 0 0 -1 
vn 0 0 1 
vn -0.108119 0 0.994138 
vn -0.21497 0 0.976621 
vn -0.319302 0 0.947653 
vn -0.419889 0 0.907575 
vn -0.515554 0 0.856857 
vn -0.605174 0 0.796093 
vn -0.687699 0 0.725995 
vn -0.762162 0 0.647386 
vn -0.827689 0 0.561187 
vn -0.883512 0 0.468408 
vn -0.928977 0 0.370138 
vn -0.96355 0 0.267528 
vn -0.986827 0 0.161782 
vn -0.998533 0 0.0541389 
vn -0.998533 0 -0.0541389 
vn -0.986827 0 -0.161782 
vn -0.96355 0 -0.267528 
vn -0.928977 0 -0.370138 
vn -0.883512 0 -0.468408 
vn -0.827689 0 -0.561187 
vn -0.762162 0 -0.647386 
vn -0.687699 0 -0.725995 
vn -0.605174 0 -0.796093 
vn -0.515554 0 -0.856857 
vn -0.419889 0 -0.907575 
vn -0.319302 0 -0.947653 
vn -0.21497 0 -0.976621 
vn -0.108119 0 -0.994138 
vn 0 0 -1 
vn 0.108119 0 -0.994138 
vn 0.21497 0 -0.976621 
vn 0.319302 0 -0.947653 
vn 0.419889 0 -0.907575 
vn 0.515554 0 -0.856857 
vn 0.605174 0 -0.796093 
vn 0.687699 0 -0.725995 
vn 0.762162 0 -0.647386 
vn 0.827689 0 -0.561187 
vn 0.883512 0 -0.468408 
vn 0.928977 0 -0.370138 
vn 0.96355 0 -0.267528 
vn 0.986827 0 -0.161782 
vn 0.998533 0 -0.0541389 
vn 0.998533 0 0.0541389 
vn 0.986827 0 0.161782 
vn 0.96355 0 0.267528 
vn 0.928977 0 0.370138 
vn 0.883512 0 0.468408 
vn 0.827689 0 0.561187 
vn 0.762162 0 0.647386 
vn 0.687699 0 0.725995 
vn 0.605174 0 0.796093 
vn 0.515554 0 0.856857 
vn 0.419889 0 0.907575 
vn 0.319302 0 0.947653 
vn 0.21497 0 0.976621 
vn 0.108119 0 0.994138 
vn -1.22465e-16 0 1 
vn -0.108119 0 0.994138 
vn -0.21497 0 0.976621 
vn -0.319302 0 0.947653 
vn -0.419889 0 0.907575 
vn -0.515554 0 0.856857 
vn -0.605174 0 0.796093 
vn -0.687699 0 0.725995 
vn -0.762162 0 0.647386 
vn -0.827689 0 0.561187 
vn -0.883512 0 0.468408 
vn -0.928977 0 0.370138 
vn -0.96355 0 0.267528 
vn -0.986827 0 0.161782 
vn -0.998533 0 0.0541389 
vn -0.998533 0 -0.0541389 
vn -0.986827 0 -0.161782 
vn -0.96355 0 -0.267528 
vn -0.928977 0 -0.370138 
vn -0.883512 0 -0.468408 
vn -0.827689 0 -0.561187 
vn -0.762162 0 -0.647386 
vn -0.687699 0 -0.725995 
vn -0.605174 0 -0.796093 
vn -0.515554 0 -0.856857 
vn -0.419889 0 -0.907575 
vn -0.319302 0 -0.947653 
vn -0.21497 0 -0.976621 
vn -0.108119 0 -0.994138 
vn 0 0 -1 
vn 0.108119 0 -0.994138 
vn 0.21497 0 -0.976621 
vn 0.319302 0 -0.947653 
vn 0.419889 0 -0.907575 
vn 0.515554 0 -0.856857 
vn 0.605174 0 -0.796093 
vn 0.687699 0 -0.725995 
vn 0.762162 0 -0.647386 
vn 0.827689 0 -0.561187 
vn 0.883512 0 -0.468408 
vn 0.928977 0 -0.370138 
vn 0.96355 0 -0.267528 
vn 0.986827 0 -0.161782 
vn 0.998533 0 -0.0541389 
vn 0.998533 0 0.0541389 
vn 0.986827 0 0.161782 
vn 0.96355 0 0.267528 
vn 0.928977 0 0.370138 
vn 0.883512 0 0.468408 
vn 0.827689 0 0.561187 
vn 0.762162 0 0.647386 
vn 0.687699 0 0.725995 
vn 0.605174 0 0.796093 
vn 0.515554 0 0.856857 
vn 0.419889 0 0.907575 
vn 0.319302 0 0.947653 
vn 0.21497 0 0.976621 
vn 0.108119 0 0.994138 
vn -1.22465e-16 0 1 
vn 0.000115993 0 -1 
vn 0.128659 0 -0.991689 
vn 0.0216547 0 -0.999766 
vn 0.234182 0 -0.972193 
vn 0.128659 0 -0.991689 
vn 0.337009 0 -0.941502 
vn 0.234182 0 -0.972193 
vn 0.435954 0 -0.899969 
vn 0.337009 0 -0.941502 
vn 0.52988 0 -0.848073 
vn 0.435954 0 -0.899969 
vn 0.617704 0 -0.786411 
vn 0.52988 0 -0.848073 
vn 0.698415 0 -0.715693 
vn 0.617704 0 -0.786411 
vn 0.771083 0 -0.636734 
vn 0.698415 0 -0.715693 
vn 0.834873 0 -0.550443 
vn 0.771083 0 -0.636734 
vn 0.889048 0 -0.457814 
vn 0.834873 0 -0.550443 
vn 0.932986 0 -0.359912 
vn 0.889048 0 -0.457814 
vn 0.966181 0 -0.257867 
vn 0.932986 0 -0.359912 
vn 0.988249 0 -0.152851 
vn 0.966181 0 -0.257867 
vn 0.998938 0 -0.0460761 
vn 0.988249 0 -0.152851 
vn 0.998124 0 0.0612298 
vn 0.998938 0 -0.0460761 
vn 0.985816 0 0.167831 
vn 0.998124 0 0.0612298 
vn 0.962156 0 0.272499 
vn 0.985816 0 0.167831 
vn 0.927417 0 0.374029 
vn 0.962156 0 0.272499 
vn 0.881998 0 0.471252 
vn 0.927417 0 0.374029 
vn 0.826423 0 0.563049 
vn 0.881998 0 0.471252 
vn 0.761332 0 0.648362 
vn 0.826423 0 0.563049 
vn 0.687474 0 0.726209 
vn 0.761332 0 0.648362 
vn 0.605699 0 0.795694 
vn 0.687474 0 0.726209 
vn 0.516949 0 0.856016 
vn 0.605699 0 0.795694 
vn 0.422247 0 0.906481 
vn 0.516949 0 0.856016 
vn 0.322683 0 0.946507 
vn 0.422247 0 0.906481 
vn 0.219402 0 0.975634 
vn 0.322683 0 0.946507 
vn 0.113595 0 0.993527 
vn 0.219402 0 0.975634 
vn 0.00648063 0 0.999979 
vn 0.113595 0 0.993527 
vn -0.100709 0 0.994916 
vn 0.00648063 0 0.999979 
vn -0.206739 0 0.978396 
vn -0.100709 0 0.994916 
vn 0 0 1 
vn -0.31161 0 0.95021 
vn -0.206739 0 0.978396 
vn -0.412808 0 0.910818 
vn -0.31161 0 0.95021 
vn -0.509137 0 0.860686 
vn -0.412808 0 0.910818 
vn -0.599462 0 0.800404 
vn -0.509137 0 0.860686 
vn -0.682717 0 0.730682 
vn -0.599462 0 0.800404 
vn -0.757922 0 0.652345 
vn -0.682717 0 0.730682 
vn -0.824189 0 0.566314 
vn -0.757922 0 0.652345 
vn -0.880737 0 0.473606 
vn -0.824189 0 0.566314 
vn -0.926899 0 0.375312 
vn -0.880737 0 0.473606 
vn -0.96213 0 0.272592 
vn -0.926899 0 0.375312 
vn -0.986015 0 0.166658 
vn -0.96213 0 0.272592 
vn -0.998272 0 0.0587584 
vn -0.986015 0 0.166658 
vn -0.998758 0 -0.0498341 
vn -0.998272 0 0.0587584 
vn -0.987465 0 -0.157839 
vn -0.998758 0 -0.0498341 
vn -0.964528 0 -0.263982 
vn -0.987465 0 -0.157839 
vn -0.930216 0 -0.367013 
vn -0.964528 0 -0.263982 
vn -0.884935 0 -0.465715 
vn -0.930216 0 -0.367013 
vn -0.829218 0 -0.558926 
vn -0.884935 0 -0.465715 
vn -0.763722 0 -0.645545 
vn -0.829218 0 -0.558926 
vn -0.689221 0 -0.724552 
vn -0.763722 0 -0.645545 
vn -0.606591 0 -0.795014 
vn -0.689221 0 -0.724552 
vn -0.516809 0 -0.856101 
vn -0.606591 0 -0.795014 
vn -0.420931 0 -0.907092 
vn -0.516809 0 -0.856101 
vn -0.32009 0 -0.947387 
vn -0.420931 0 -0.907092 
vn -0.215475 0 -0.976509 
vn -0.32009 0 -0.947387 
vn -0.108318 0 -0.994116 
vn -0.215475 0 -0.976509 
vn 0.000115993 0 -1 
vn -0.108318 0 -0.994116 
vn -0.108119 0 0.994138 
vn -1.22465e-16 0 1 
vn -0.21497 0 0.976621 
vn -0.108119 0 0.994138 
vn -0.319302 0 0.947653 
vn -0.21497 0 0.976621 
vn -0.419889 0 0.907575 
vn -0.319302 0 0.947653 
vn -0.515554 0 0.856857 
vn -0.419889 0 0.907575 
vn -0.605174 0 0.796093 
vn -0.515554 0 0.856857 
vn -0.687699 0 0.725995 
vn -0.605174 0 0.796093 
vn -0.762162 0 0.647386 
vn -0.687699 0 0.725995 
vn -0.827689 0 0.561187 
vn -0.762162 0 0.647386 
vn -0.883512 0 0.468408 
vn -0.827689 0 0.561187 
vn -0.928977 0 0.370138 
vn -0.883512 0 0.468408 
vn -0.96355 0 0.267528 
vn -0.928977 0 0.370138 
vn -0.986827 0 0.161782 
vn -0.96355 0 0.267528 
vn -0.998533 0 0.0541389 
vn -0.986827 0 0.161782 
vn -0.998533 0 -0.0541389 
vn -0.998533 0 0.0541389 
vn -0.986827 0 -0.161782 
vn -0.998533 0 -0.0541389 
vn -0.96355 0 -0.267528 
vn -0.986827 0 -0.161782 
vn -0.928977 0 -0.370138 
vn -0.96355 0 -0.267528 
vn -0.883512 0 -0.468408 
vn -0.928977 0 -0.370138 
vn -0.827689 0 -0.561187 
vn -0.883512 0 -0.468408 
vn -0.762162 0 -0.647386 
vn -0.827689 0 -0.561187 
vn -0.687699 0 -0.725995 
vn -0.762162 0 -0.647386 
vn -0.605174 0 -0.796093 
vn -0.687699 0 -0.725995 
vn -0.515554 0 -0.856857 
vn -0.605174 0 -0.796093 
vn -0.419889 0 -0.907575 
vn -0.515554 0 -0.856857 
vn -0.319302 0 -0.947653 
vn -0.419889 0 -0.907575 
vn -0.21497 0 -0.976621 
vn -0.319302 0 -0.947653 
vn -0.108119 0 -0.994138 
vn -0.21497 0 -0.976621 
vn 0 0 -1 
vn -0.108119 0 -0.994138 
vn 0.108119 0 -0.994138 
vn 2.44929e-16 0 -1 
vn 0.21497 0 -0.976621 
vn 0.108119 0 -0.994138 
vn 0.319302 0 -0.947653 
vn 0.21497 0 -0.976621 
vn 0.419889 0 -0.907575 
vn 0.319302 0 -0.947653 
vn 0.515554 0 -0.856857 
vn 0.419889 0 -0.907575 
vn 0.605174 0 -0.796093 
vn 0.515554 0 -0.856857 
vn 0.687699 0 -0.725995 
vn 0.605174 0 -0.796093 
vn 0.762162 0 -0.647386 
vn 0.687699 0 -0.725995 
vn 0.827689 0 -0.561187 
vn 0.762162 0 -0.647386 
vn 0.883512 0 -0.468408 
vn 0.827689 0 -0.561187 
vn 0.928977 0 -0.370138 
vn 0.883512 0 -0.468408 
vn 0.96355 0 -0.267528 
vn 0.928977 0 -0.370138 
vn 0.986827 0 -0.161782 
vn 0.96355 0 -0.267528 
vn 0.998533 0 -0.0541389 
vn 0.986827 0 -0.161782 
vn 0.998533 0 0.0541389 
vn 0.998533 0 -0.0541389 
vn 0.986827 0 0.161782 
vn 0.998533 0 0.0541389 
vn 0.96355 0 0.267528 
vn 0.986827 0 0.161782 
vn 0.928977 0 0.370138 
vn 0.96355 0 0.267528 
vn 0.883512 0 0.468408 
vn 0.928977 0 0.370138 
vn 0.827689 0 0.561187 
vn 0.883512 0 0.468408 
vn 0.762162 0 0.647386 
vn 0.827689 0 0.561187 
vn 0.687699 0 0.725995 
vn 0.762162 0 0.647386 
vn 0.605174 0 0.796093 
vn 0.687699 0 0.725995 
vn 0.515554 0 0.856857 
vn 0.605174 0 0.796093 
vn 0.419889 0 0.907575 
vn 0.515554 0 0.856857 
vn 0.319302 0 0.947653 
vn 0.419889 0 0.907575 
vn 0.21497 0 0.976621 
vn 0.319302 0 0.947653 
vn 0.108119 0 0.994138 
vn 0.21497 0 0.976621 
vn -1.22465e-16 0 1 
vn 0.108119 0 0.994138 
vn 1 0 6.12323e-17 
vn 0.994522 0 -0.104528 
vn 0.978148 0 -0.207912 
vn 0.951057 0 -0.309017 
vn 0.974319 0 -0.225173 
vn 0.978148 0 -0.207912 
vn 0.951057 0 -0.309017 
vn 0.913545 0 -0.406737 
vn 0.866025 0 -0.5 
vn 0.809017 0 -0.587785 
vn 0.743145 0 -0.669131 
vn 0.669131 0 -0.743145 
vn 0.587785 0 -0.809017 
vn 0.5 0 -0.866025 
vn 0.406737 0 -0.913545 
vn 0.309017 0 -0.951057 
vn 0.207912 0 -0.978148 
vn 0.104528 0 -0.994522 
vn 1.22465e-16 0 -1 
vn 1 0 -6.12323e-17 
vn 0.994522 0 0.104528 
vn 0.978148 0 0.207912 
vn 0.951057 0 0.309017 
vn 0.913545 0 0.406737 
vn 0.866025 0 0.5 
vn 0.809017 0 0.587785 
vn 0.743145 0 0.669131 
vn 0.669131 0 0.743145 
vn 0.587785 0 0.809017 
vn 0.5 0 0.866025 
vn 0.406737 0 0.913545 
vn 0.309017 0 0.951057 
vn 0.207912 0 0.978148 
vn 0.104528 0 0.994522 
vn 1.22465e-16 0 1 
vn -1 0 1.83697e-16 
vn -0.994522 0 -0.104528 
vn -0.978148 0 -0.207912 
vn -0.951057 0 -0.309017 
vn -0.974319 0 -0.225173 
vn -0.978148 0 -0.207912 
vn -0.951057 0 -0.309017 
vn -0.913545 0 -0.406737 
vn -0.866025 0 -0.5 
vn -0.809017 0 -0.587785 
vn -0.743145 0 -0.669131 
vn -0.669131 0 -0.743145 
vn -0.587785 0 -0.809017 
vn -0.5 0 -0.866025 
vn -0.406737 0 -0.913545 
vn -0.450614 0 -0.892719 
vn -0.5 0 -0.866025 
vn -0.406737 0 -0.913545 
vn -0.309017 0 -0.951057 
vn -0.207912 0 -0.978148 
vn -0.104528 0 -0.994522 
vn -2.44929e-16 0 -1 
vn -1 0 -1.83697e-16 
vn -0.994522 0 0.104528 
vn -0.978148 0 0.207912 
vn -0.951057 0 0.309017 
vn -0.913545 0 0.406737 
vn -0.866025 0 0.5 
vn -0.809017 0 0.587785 
vn -0.743145 0 0.669131 
vn -0.669131 0 0.743145 
vn -0.587785 0 0.809017 
vn -0.5 0 0.866025 
vn -0.406737 0 0.913545 
vn -0.450614 0 0.892719 
vn -0.5 0 0.866025 
vn -0.406737 0 0.913545 
vn -0.309017 0 0.951057 
vn -0.207912 0 0.978148 
vn -0.104528 0 0.994522 
vn -2.44929e-16 0 1 
vn 0.995002 0 -0.0998565 
vn 0.999959 0 0.00900504 
vn 0.978228 0 -0.207532 
vn 0.995002 0 -0.0998565 
vn 0.949838 0 -0.312743 
vn 0.978228 0 -0.207532 
vn 0.910167 0 -0.41424 
vn 0.949838 0 -0.312743 
vn 0.859689 0 -0.510818 
vn 0.910167 0 -0.41424 
vn 0.799001 0 -0.60133 
vn 0.859689 0 -0.510818 
vn 0.728824 0 -0.684701 
vn 0.799001 0 -0.60133 
vn 0.649993 0 -0.75994 
vn 0.728824 0 -0.684701 
vn 0.563442 0 -0.826155 
vn 0.649993 0 -0.75994 
vn 0.470201 0 -0.88256 
vn 0.563442 0 -0.826155 
vn 0.371375 0 -0.928483 
vn 0.470201 0 -0.88256 
vn 0.26814 0 -0.96338 
vn 0.371375 0 -0.928483 
vn 0.16172 0 -0.986837 
vn 0.26814 0 -0.96338 
vn 0.0533795 0 -0.998574 
vn 0.092281 0 -0.995733 
vn 0.16172 0 -0.986837 
vn -0.0555948 0 -0.998453 
vn 0.0533795 0 -0.998574 
vn -0.163909 0 -0.986475 
vn -0.0555948 0 -0.998453 
vn -0.270276 0 -0.962783 
vn -0.163909 0 -0.986475 
vn -0.373434 0 -0.927657 
vn -0.270276 0 -0.962783 
vn -0.472158 0 -0.881514 
vn -0.373434 0 -0.927657 
vn -0.565274 0 -0.824903 
vn -0.472158 0 -0.881514 
vn -0.651677 0 -0.758496 
vn -0.565274 0 -0.824903 
vn -0.730342 0 -0.683082 
vn -0.651677 0 -0.758496 
vn -0.800333 0 -0.599556 
vn -0.730342 0 -0.683082 
vn -0.86082 0 -0.50891 
vn -0.800333 0 -0.599556 
vn -0.911084 0 -0.41222 
vn -0.86082 0 -0.50891 
vn -0.950529 0 -0.310635 
vn -0.911084 0 -0.41222 
vn -0.978686 0 -0.205361 
vn -0.950529 0 -0.310635 
vn -0.995221 0 -0.0976487 
vn -0.978686 0 -0.205361 
vn -0.999937 0 0.0112235 
vn -0.995221 0 -0.0976487 
vn -0.995002 0 0.0998565 
vn -0.999959 0 -0.00900504 
vn -0.978228 0 0.207532 
vn -0.995002 0 0.0998565 
vn -0.949838 0 0.312743 
vn -0.978228 0 0.207532 
vn -0.910167 0 0.41424 
vn -0.949838 0 0.312743 
vn -0.859689 0 0.510818 
vn -0.910167 0 0.41424 
vn -0.799001 0 0.60133 
vn -0.859689 0 0.510818 
vn -0.728824 0 0.684701 
vn -0.799001 0 0.60133 
vn -0.649993 0 0.75994 
vn -0.728824 0 0.684701 
vn -0.563442 0 0.826155 
vn -0.649993 0 0.75994 
vn -0.470201 0 0.88256 
vn -0.563442 0 0.826155 
vn -0.371375 0 0.928483 
vn -0.470201 0 0.88256 
vn -0.26814 0 0.96338 
vn -0.371375 0 0.928483 
vn -0.16172 0 0.986837 
vn -0.26814 0 0.96338 
vn -0.0533795 0 0.998574 
vn -0.16172 0 0.986837 
vn 0.0555948 0 0.998453 
vn -0.0533795 0 0.998574 
vn 0.163909 0 0.986475 
vn 0.0922551 0 0.995735 
vn 0.0555948 0 0.998453 
vn 0.270276 0 0.962783 
vn 0.163909 0 0.986475 
vn 0.373434 0 0.927657 
vn 0.270276 0 0.962783 
vn 0.472158 0 0.881514 
vn 0.373434 0 0.927657 
vn 0.565274 0 0.824903 
vn 0.472158 0 0.881514 
vn 0.651677 0 0.758496 
vn 0.565274 0 0.824903 
vn 0.730342 0 0.683082 
vn 0.651677 0 0.758496 
vn 0.800333 0 0.599556 
vn 0.730342 0 0.683082 
vn 0.86082 0 0.50891 
vn 0.800333 0 0.599556 
vn 0.911084 0 0.41222 
vn 0.86082 0 0.50891 
vn 0.950529 0 0.310635 
vn 0.911084 0 0.41222 
vn 0.978686 0 0.205361 
vn 0.950529 0 0.310635 
vn 0.995221 0 0.0976487 
vn 0.978686 0 0.205361 
vn 0.999937 0 -0.0112235 
vn 0.995221 0 0.0976487 
vn 0.108119 0 0.994138 
vn 2.44929e-16 0 1 
vn 0.21497 0 0.976621 
vn 0.134201 0 0.990954 
vn 0.108119 0 0.994138 
vn 0.319302 0 0.947653 
vn 0.21497 0 0.976621 
vn 0.419889 0 0.907575 
vn 0.319302 0 0.947653 
vn 0.515554 0 0.856857 
vn 0.419889 0 0.907575 
vn 0.605174 0 0.796093 
vn 0.515554 0 0.856857 
vn 0.687699 0 0.725995 
vn 0.605174 0 0.796093 
vn 0.762162 0 0.647386 
vn 0.687699 0 0.725995 
vn 0.827689 0 0.561187 
vn 0.762162 0 0.647386 
vn 0.883512 0 0.468408 
vn 0.827689 0 0.561187 
vn 0.928977 0 0.370138 
vn 0.883512 0 0.468408 
vn 0.96355 0 0.267528 
vn 0.928977 0 0.370138 
vn 0.986827 0 0.161782 
vn 0.96355 0 0.267528 
vn 0.998533 0 0.0541389 
vn 0.986827 0 0.161782 
vn 0.998533 0 -0.0541389 
vn 0.998533 0 0.0541389 
vn 0.986827 0 -0.161782 
vn 0.998533 0 -0.0541389 
vn 0.96355 0 -0.267528 
vn 0.986827 0 -0.161782 
vn 0.928977 0 -0.370138 
vn 0.96355 0 -0.267528 
vn 0.883512 0 -0.468408 
vn 0.928977 0 -0.370138 
vn 0.827689 0 -0.561187 
vn 0.883512 0 -0.468408 
vn 0.762162 0 -0.647386 
vn 0.827689 0 -0.561187 
vn 0.687699 0 -0.725995 
vn 0.762162 0 -0.647386 
vn 0.605174 0 -0.796093 
vn 0.687699 0 -0.725995 
vn 0.515554 0 -0.856857 
vn 0.605174 0 -0.796093 
vn 0.419889 0 -0.907575 
vn 0.515554 0 -0.856857 
vn 0.319302 0 -0.947653 
vn 0.419889 0 -0.907575 
vn 0.21497 0 -0.976621 
vn 0.319302 0 -0.947653 
vn 0.108119 0 -0.994138 
vn 0.21497 0 -0.976621 
vn -1.22465e-16 0 -1 
vn 0.108119 0 -0.994138 
vn -0.108119 0 -0.994138 
vn -1.22465e-16 0 -1 
vn -0.21497 0 -0.976621 
vn -0.108119 0 -0.994138 
vn -0.319302 0 -0.947653 
vn -0.21497 0 -0.976621 
vn -0.419889 0 -0.907575 
vn -0.319302 0 -0.947653 
vn -0.515554 0 -0.856857 
vn -0.419889 0 -0.907575 
vn -0.605174 0 -0.796093 
vn -0.515554 0 -0.856857 
vn -0.687699 0 -0.725995 
vn -0.605174 0 -0.796093 
vn -0.762162 0 -0.647386 
vn -0.687699 0 -0.725995 
vn -0.827689 0 -0.561187 
vn -0.762162 0 -0.647386 
vn -0.883512 0 -0.468408 
vn -0.827689 0 -0.561187 
vn -0.928977 0 -0.370138 
vn -0.883512 0 -0.468408 
vn -0.96355 0 -0.267528 
vn -0.928977 0 -0.370138 
vn -0.986827 0 -0.161782 
vn -0.96355 0 -0.267528 
vn -0.998533 0 -0.0541389 
vn -0.986827 0 -0.161782 
vn -0.998533 0 0.0541389 
vn -0.998533 0 -0.0541389 
vn -0.986827 0 0.161782 
vn -0.998533 0 0.0541389 
vn -0.96355 0 0.267528 
vn -0.986827 0 0.161782 
vn -0.928977 0 0.370138 
vn -0.96355 0 0.267528 
vn -0.883512 0 0.468408 
vn -0.928977 0 0.370138 
vn -0.827689 0 0.561187 
vn -0.883512 0 0.468408 
vn -0.762162 0 0.647386 
vn -0.827689 0 0.561187 
vn -0.687699 0 0.725995 
vn -0.762162 0 0.647386 
vn -0.605174 0 0.796093 
vn -0.687699 0 0.725995 
vn -0.515554 0 0.856857 
vn -0.605174 0 0.796093 
vn -0.419889 0 0.907575 
vn -0.515554 0 0.856857 
vn -0.319302 0 0.947653 
vn -0.419889 0 0.907575 
vn -0.21497 0 0.976621 
vn -0.319302 0 0.947653 
vn -0.108119 0 0.994138 
vn -0.134201 0 0.990954 
vn -0.21497 0 0.976621 
vn -0.108119 0 0.994138 
vn 0.108119 0 0.994138 
vn 2.44929e-16 0 1 
vn 0.21497 0 0.976621 
vn 0.134201 0 0.990954 
vn 0.108119 0 0.994138 
vn 0.319302 0 0.947653 
vn 0.21497 0 0.976621 
vn 0.419889 0 0.907575 
vn 0.319302 0 0.947653 
vn 0.515554 0 0.856857 
vn 0.419889 0 0.907575 
vn 0.605174 0 0.796093 
vn 0.515554 0 0.856857 
vn 0.687699 0 0.725995 
vn 0.605174 0 0.796093 
vn 0.762162 0 0.647386 
vn 0.687699 0 0.725995 
vn 0.827689 0 0.561187 
vn 0.762162 0 0.647386 
vn 0.883512 0 0.468408 
vn 0.827689 0 0.561187 
vn 0.928977 0 0.370138 
vn 0.883512 0 0.468408 
vn 0.96355 0 0.267528 
vn 0.928977 0 0.370138 
vn 0.986827 0 0.161782 
vn 0.983357 0 0.181683 
vn 0.96355 0 0.267528 
vn 0.998533 0 0.0541389 
vn 0.986827 0 0.161782 
vn 0.998533 0 -0.0541389 
vn 0.998533 0 0.0541389 
vn 0.986827 0 -0.161782 
vn 0.998533 0 -0.0541389 
vn 0.96355 0 -0.267528 
vn 0.983357 0 -0.181683 
vn 0.986827 0 -0.161782 
vn 0.928977 0 -0.370138 
vn 0.96355 0 -0.267528 
vn 0.883512 0 -0.468408 
vn 0.928977 0 -0.370138 
vn 0.827689 0 -0.561187 
vn 0.883512 0 -0.468408 
vn 0.762162 0 -0.647386 
vn 0.827689 0 -0.561187 
vn 0.687699 0 -0.725995 
vn 0.762162 0 -0.647386 
vn 0.605174 0 -0.796093 
vn 0.687699 0 -0.725995 
vn 0.515554 0 -0.856857 
vn 0.605174 0 -0.796093 
vn 0.419889 0 -0.907575 
vn 0.515554 0 -0.856857 
vn 0.319302 0 -0.947653 
vn 0.419889 0 -0.907575 
vn 0.21497 0 -0.976621 
vn 0.319302 0 -0.947653 
vn 0.108119 0 -0.994138 
vn 0.21497 0 -0.976621 
vn -1.22465e-16 0 -1 
vn 0.108119 0 -0.994138 
vn -0.108119 0 -0.994138 
vn -1.22465e-16 0 -1 
vn -0.21497 0 -0.976621 
vn -0.108119 0 -0.994138 
vn -0.319302 0 -0.947653 
vn -0.21497 0 -0.976621 
vn -0.419889 0 -0.907575 
vn -0.319302 0 -0.947653 
vn -0.515554 0 -0.856857 
vn -0.419889 0 -0.907575 
vn -0.605174 0 -0.796093 
vn -0.515554 0 -0.856857 
vn -0.687699 0 -0.725995 
vn -0.605174 0 -0.796093 
vn -0.762162 0 -0.647386 
vn -0.687699 0 -0.725995 
vn -0.827689 0 -0.561187 
vn -0.762162 0 -0.647386 
vn -0.883512 0 -0.468408 
vn -0.827689 0 -0.561187 
vn -0.928977 0 -0.370138 
vn -0.883512 0 -0.468408 
vn -0.96355 0 -0.267528 
vn -0.928977 0 -0.370138 
vn -0.986827 0 -0.161782 
vn -0.96355 0 -0.267528 
vn -0.998533 0 -0.0541389 
vn -0.986827 0 -0.161782 
vn -0.998533 0 0.0541389 
vn -0.998533 0 -0.0541389 
vn -0.986827 0 0.161782 
vn -0.998533 0 0.0541389 
vn -0.96355 0 0.267528 
vn -0.986827 0 0.161782 
vn -0.928977 0 0.370138 
vn -0.96355 0 0.267528 
vn -0.883512 0 0.468408 
vn -0.928977 0 0.370138 
vn -0.827689 0 0.561187 
vn -0.883512 0 0.468408 
vn -0.762162 0 0.647386 
vn -0.827689 0 0.561187 
vn -0.687699 0 0.725995 
vn -0.762162 0 0.647386 
vn -0.605174 0 0.796093 
vn -0.687699 0 0.725995 
vn -0.515554 0 0.856857 
vn -0.605174 0 0.796093 
vn -0.419889 0 0.907575 
vn -0.515554 0 0.856857 
vn -0.319302 0 0.947653 
vn -0.419889 0 0.907575 
vn -0.21497 0 0.976621 
vn -0.319302 0 0.947653 
vn -0.108119 0 0.994138 
vn -0.134201 0 0.990954 
vn -0.21497 0 0.976621 
vn -0.108119 0 0.994138 
vn 0.108119 0 0.994138 
vn 2.44929e-16 0 1 
vn 0.21497 0 0.976621 
vn 0.108119 0 0.994138 
vn 0.319302 0 0.947653 
vn 0.21497 0 0.976621 
vn 0.419889 0 0.907575 
vn 0.319302 0 0.947653 
vn 0.515554 0 0.856857 
vn 0.419889 0 0.907575 
vn 0.605174 0 0.796093 
vn 0.515554 0 0.856857 
vn 0.687699 0 0.725995 
vn 0.605174 0 0.796093 
vn 0.762162 0 0.647386 
vn 0.687699 0 0.725995 
vn 0.827689 0 0.561187 
vn 0.762162 0 0.647386 
vn 0.883512 0 0.468408 
vn 0.827689 0 0.561187 
vn 0.928977 0 0.370138 
vn 0.883512 0 0.468408 
vn 0.96355 0 0.267528 
vn 0.928977 0 0.370138 
vn 0.986827 0 0.161782 
vn 0.96355 0 0.267528 
vn 0.998533 0 0.0541389 
vn 0.986827 0 0.161782 
vn 0.998533 0 -0.0541389 
vn 0.998533 0 0.0541389 
vn 0.986827 0 -0.161782 
vn 0.998533 0 -0.0541389 
vn 0.96355 0 -0.267528 
vn 0.986827 0 -0.161782 
vn 0.928977 0 -0.370138 
vn 0.96355 0 -0.267528 
vn 0.883512 0 -0.468408 
vn 0.928977 0 -0.370138 
vn 0.827689 0 -0.561187 
vn 0.883512 0 -0.468408 
vn 0.762162 0 -0.647386 
vn 0.827689 0 -0.561187 
vn 0.687699 0 -0.725995 
vn 0.762162 0 -0.647386 
vn 0.605174 0 -0.796093 
vn 0.687699 0 -0.725995 
vn 0.515554 0 -0.856857 
vn 0.605174 0 -0.796093 
vn 0.419889 0 -0.907575 
vn 0.515554 0 -0.856857 
vn 0.319302 0 -0.947653 
vn 0.419889 0 -0.907575 
vn 0.21497 0 -0.976621 
vn 0.319302 0 -0.947653 
vn 0.108119 0 -0.994138 
vn 0.21497 0 -0.976621 
vn -1.22465e-16 0 -1 
vn 0.108119 0 -0.994138 
vn -0.108119 0 -0.994138 
vn -1.22465e-16 0 -1 
vn -0.21497 0 -0.976621 
vn -0.108119 0 -0.994138 
vn -0.319302 0 -0.947653 
vn -0.21497 0 -0.976621 
vn -0.419889 0 -0.907575 
vn -0.319302 0 -0.947653 
vn -0.515554 0 -0.856857 
vn -0.419889 0 -0.907575 
vn -0.605174 0 -0.796093 
vn -0.515554 0 -0.856857 
vn -0.687699 0 -0.725995 
vn -0.605174 0 -0.796093 
vn -0.762162 0 -0.647386 
vn -0.687699 0 -0.725995 
vn -0.827689 0 -0.561187 
vn -0.762162 0 -0.647386 
vn -0.883512 0 -0.468408 
vn -0.827689 0 -0.561187 
vn -0.928977 0 -0.370138 
vn -0.883512 0 -0.468408 
vn -0.96355 0 -0.267528 
vn -0.928977 0 -0.370138 
vn -0.986827 0 -0.161782 
vn -0.96355 0 -0.267528 
vn -0.998533 0 -0.0541389 
vn -0.986827 0 -0.161782 
vn -0.998533 0 0.0541389 
vn -0.998533 0 -0.0541389 
vn -0.986827 0 0.161782 
vn -0.998533 0 0.0541389 
vn -0.96355 0 0.267528 
vn -0.986827 0 0.161782 
vn -0.928977 0 0.370138 
vn -0.96355 0 0.267528 
vn -0.883512 0 0.468408 
vn -0.928977 0 0.370138 
vn -0.827689 0 0.561187 
vn -0.883512 0 0.468408 
vn -0.762162 0 0.647386 
vn -0.827689 0 0.561187 
vn -0.687699 0 0.725995 
vn -0.762162 0 0.647386 
vn -0.605174 0 0.796093 
vn -0.687699 0 0.725995 
vn -0.515554 0 0.856857 
vn -0.605174 0 0.796093 
vn -0.419889 0 0.907575 
vn -0.515554 0 0.856857 
vn -0.319302 0 0.947653 
vn -0.419889 0 0.907575 
vn -0.21497 0 0.976621 
vn -0.319302 0 0.947653 
vn -0.108119 0 0.994138 
vn -0.21497 0 0.976621 
vn 0.108119 0 0.994138 
vn 2.44929e-16 0 1 
vn 0.21497 0 0.976621 
vn 0.108119 0 0.994138 
vn 0.319302 0 0.947653 
vn 0.21497 0 0.976621 
vn 0.419889 0 0.907575 
vn 0.319302 0 0.947653 
vn 0.515554 0 0.856857 
vn 0.419889 0 0.907575 
vn 0.605174 0 0.796093 
vn 0.515554 0 0.856857 
vn 0.687699 0 0.725995 
vn 0.605174 0 0.796093 
vn 0.762162 0 0.647386 
vn 0.687699 0 0.725995 
vn 0.827689 0 0.561187 
vn 0.762162 0 0.647386 
vn 0.883512 0 0.468408 
vn 0.827689 0 0.561187 
vn 0.928977 0 0.370138 
vn 0.883512 0 0.468408 
vn 0.96355 0 0.267528 
vn 0.928977 0 0.370138 
vn 0.986827 0 0.161782 
vn 0.96355 0 0.267528 
vn 0.998533 0 0.0541389 
vn 0.986827 0 0.161782 
vn 0.998533 0 -0.0541389 
vn 0.998533 0 0.0541389 
vn 0.986827 0 -0.161782 
vn 0.998533 0 -0.0541389 
vn 0.96355 0 -0.267528 
vn 0.986827 0 -0.161782 
vn 0.928977 0 -0.370138 
vn 0.96355 0 -0.267528 
vn 0.883512 0 -0.468408 
vn 0.928977 0 -0.370138 
vn 0.827689 0 -0.561187 
vn 0.883512 0 -0.468408 
vn 0.762162 0 -0.647386 
vn 0.827689 0 -0.561187 
vn 0.687699 0 -0.725995 
vn 0.762162 0 -0.647386 
vn 0.605174 0 -0.796093 
vn 0.687699 0 -0.725995 
vn 0.515554 0 -0.856857 
vn 0.605174 0 -0.796093 
vn 0.419889 0 -0.907575 
vn 0.515554 0 -0.856857 
vn 0.319302 0 -0.947653 
vn 0.419889 0 -0.907575 
vn 0.21497 0 -0.976621 
vn 0.319302 0 -0.947653 
vn 0.108119 0 -0.994138 
vn 0.21497 0 -0.976621 
vn -1.22465e-16 0 -1 
vn 0.108119 0 -0.994138 
vn -0.108119 0 -0.994138 
vn -1.22465e-16 0 -1 
vn -0.21497 0 -0.976621 
vn -0.108119 0 -0.994138 
vn -0.319302 0 -0.947653 
vn -0.21497 0 -0.976621 
vn -0.419889 0 -0.907575 
vn -0.319302 0 -0.947653 
vn -0.515554 0 -0.856857 
vn -0.419889 0 -0.907575 
vn -0.605174 0 -0.796093 
vn -0.515554 0 -0.856857 
vn -0.687699 0 -0.725995 
vn -0.605174 0 -0.796093 
vn -0.762162 0 -0.647386 
vn -0.687699 0 -0.725995 
vn -0.827689 0 -0.561187 
vn -0.762162 0 -0.647386 
vn -0.883512 0 -0.468408 
vn -0.827689 0 -0.561187 
vn -0.928977 0 -0.370138 
vn -0.883512 0 -0.468408 
vn -0.96355 0 -0.267528 
vn -0.928977 0 -0.370138 
vn -0.986827 0 -0.161782 
vn -0.96355 0 -0.267528 
vn -0.998533 0 -0.0541389 
vn -0.986827 0 -0.161782 
vn -0.998533 0 0.0541389 
vn -0.998533 0 -0.0541389 
vn -0.986827 0 0.161782 
vn -0.998533 0 0.0541389 
vn -0.96355 0 0.267528 
vn -0.986827 0 0.161782 
vn -0.928977 0 0.370138 
vn -0.96355 0 0.267528 
vn -0.883512 0 0.468408 
vn -0.928977 0 0.370138 
vn -0.827689 0 0.561187 
vn -0.883512 0 0.468408 
vn -0.762162 0 0.647386 
vn -0.827689 0 0.561187 
vn -0.687699 0 0.725995 
vn -0.762162 0 0.647386 
vn -0.605174 0 0.796093 
vn -0.687699 0 0.725995 
vn -0.515554 0 0.856857 
vn -0.605174 0 0.796093 
vn -0.419889 0 0.907575 
vn -0.515554 0 0.856857 
vn -0.319302 0 0.947653 
vn -0.419889 0 0.907575 
vn -0.21497 0 0.976621 
vn -0.319302 0 0.947653 
vn -0.108119 0 0.994138 
vn -0.21497 0 0.976621 
vn 0.108119 0 0.994138 
vn 2.44929e-16 0 1 
vn 0.21497 0 0.976621 
vn 0.108119 0 0.994138 
vn 0.319302 0 0.947653 
vn 0.21497 0 0.976621 
vn 0.419889 0 0.907575 
vn 0.319302 0 0.947653 
vn 0.515554 0 0.856857 
vn 0.419889 0 0.907575 
vn 0.605174 0 0.796093 
vn 0.515554 0 0.856857 
vn 0.687699 0 0.725995 
vn 0.605174 0 0.796093 
vn 0.762162 0 0.647386 
vn 0.687699 0 0.725995 
vn 0.827689 0 0.561187 
vn 0.762162 0 0.647386 
vn 0.883512 0 0.468408 
vn 0.827689 0 0.561187 
vn 0.928977 0 0.370138 
vn 0.883512 0 0.468408 
vn 0.96355 0 0.267528 
vn 0.928977 0 0.370138 
vn 0.986827 0 0.161782 
vn 0.96355 0 0.267528 
vn 0.998533 0 0.0541389 
vn 0.986827 0 0.161782 
vn 0.998533 0 -0.0541389 
vn 0.998533 0 0.0541389 
vn 0.986827 0 -0.161782 
vn 0.998533 0 -0.0541389 
vn 0.96355 0 -0.267528 
vn 0.986827 0 -0.161782 
vn 0.928977 0 -0.370138 
vn 0.96355 0 -0.267528 
vn 0.883512 0 -0.468408 
vn 0.928977 0 -0.370138 
vn 0.827689 0 -0.561187 
vn 0.883512 0 -0.468408 
vn 0.762162 0 -0.647386 
vn 0.827689 0 -0.561187 
vn 0.687699 0 -0.725995 
vn 0.762162 0 -0.647386 
vn 0.605174 0 -0.796093 
vn 0.687699 0 -0.725995 
vn 0.515554 0 -0.856857 
vn 0.605174 0 -0.796093 
vn 0.419889 0 -0.907575 
vn 0.515554 0 -0.856857 
vn 0.319302 0 -0.947653 
vn 0.419889 0 -0.907575 
vn 0.21497 0 -0.976621 
vn 0.319302 0 -0.947653 
vn 0.108119 0 -0.994138 
vn 0.134201 0 -0.990954 
vn 0.21497 0 -0.976621 
vn -1.22465e-16 0 -1 
vn 0.108119 0 -0.994138 
vn -0.108119 0 -0.994138 
vn -1.22465e-16 0 -1 
vn -0.21497 0 -0.976621 
vn -0.134201 0 -0.990954 
vn -0.108119 0 -0.994138 
vn -0.319302 0 -0.947653 
vn -0.21497 0 -0.976621 
vn -0.419889 0 -0.907575 
vn -0.319302 0 -0.947653 
vn -0.515554 0 -0.856857 
vn -0.419889 0 -0.907575 
vn -0.605174 0 -0.796093 
vn -0.515554 0 -0.856857 
vn -0.687699 0 -0.725995 
vn -0.605174 0 -0.796093 
vn -0.762162 0 -0.647386 
vn -0.687699 0 -0.725995 
vn -0.827689 0 -0.561187 
vn -0.762162 0 -0.647386 
vn -0.883512 0 -0.468408 
vn -0.827689 0 -0.561187 
vn -0.928977 0 -0.370138 
vn -0.883512 0 -0.468408 
vn -0.96355 0 -0.267528 
vn -0.928977 0 -0.370138 
vn -0.986827 0 -0.161782 
vn -0.96355 0 -0.267528 
vn -0.998533 0 -0.0541389 
vn -0.986827 0 -0.161782 
vn -0.998533 0 0.0541389 
vn -0.998533 0 -0.0541389 
vn -0.986827 0 0.161782 
vn -0.998533 0 0.0541389 
vn -0.96355 0 0.267528 
vn -0.986827 0 0.161782 
vn -0.928977 0 0.370138 
vn -0.96355 0 0.267528 
vn -0.883512 0 0.468408 
vn -0.928977 0 0.370138 
vn -0.827689 0 0.561187 
vn -0.883512 0 0.468408 
vn -0.762162 0 0.647386 
vn -0.827689 0 0.561187 
vn -0.687699 0 0.725995 
vn -0.762162 0 0.647386 
vn -0.605174 0 0.796093 
vn -0.687699 0 0.725995 
vn -0.515554 0 0.856857 
vn -0.605174 0 0.796093 
vn -0.419889 0 0.907575 
vn -0.515554 0 0.856857 
vn -0.319302 0 0.947653 
vn -0.419889 0 0.907575 
vn -0.21497 0 0.976621 
vn -0.319302 0 0.947653 
vn -0.108119 0 0.994138 
vn -0.21497 0 0.976621 
usemtl 0.615686_0.811765_0.929412_0.000000_0.000000
o mesh0
f 1//1 2//2 3//2 
f 4//3 1//1 5//4 
f 6//5 4//3 7//6 
f 8//7 6//5 9//8 
f 10//9 8//7 11//10 
f 12//11 10//9 13//12 
f 14//13 12//11 15//14 
f 16//15 14//13 17//16 
f 18//17 16//15 19//18 
f 20//19 18//17 21//20 
f 22//21 20//19 23//22 
f 24//23 22//21 25//24 
f 26//25 24//23 27//26 
f 28//27 26//25 29//28 
f 30//29 28//27 31//30 
f 32//31 30//29 33//32 
f 34//33 32//31 35//34 
f 36//35 34//33 37//36 
f 38//37 36//35 39//38 
f 40//39 38//37 41//40 
f 42//41 40//39 43//42 
f 44//43 42//41 45//44 
f 46//45 44//43 47//46 
f 48//47 46//45 49//48 
f 50//49 48//47 51//50 
f 52//51 50//49 53//52 
f 54//53 52//51 55//54 
f 56//55 54//53 57//56 
f 58//57 56//55 59//58 
f 60//59 58//57 61//60 
f 62//61 60//59 63//62 
f 64//63 62//61 65//64 
f 66//65 64//63 67//66 
f 68//67 66//65 69//68 
f 70//69 68//67 71//70 
f 72//71 70//69 73//72 
f 74//73 72//71 75//74 
f 76//75 74//73 77//76 
f 78//77 76//75 79//78 
f 80//79 78//77 81//80 
f 82//81 80//79 83//82 
f 84//83 82//81 85//84 
f 86//85 84//83 87//86 
f 88//87 86//85 89//88 
f 90//89 88//87 91//90 
f 92//91 90//89 93//92 
f 94//93 92//91 95//94 
f 96//95 94//93 97//96 
f 98//97 96//95 99//98 
f 100//99 98//97 101//100 
f 102//101 100//99 103//102 
f 104//103 102//101 105//104 
f 106//105 104//103 107//106 
f 108//107 106//105 109//108 
f 110//109 108//107 111//110 
f 112//111 110//109 113//112 
f 114//113 112//111 115//114 
f 2//2 114//113 116//113 
f 116//113 3//2 2//2 
f 115//114 116//113 114//113 
f 113//112 115//114 112//111 
f 111//110 113//112 110//109 
f 109//108 111//110 108//107 
f 107//106 109//108 106//105 
f 105//104 107//106 104//103 
f 103//102 105//104 102//101 
f 101//100 103//102 100//99 
f 99//98 101//100 98//97 
f 97//96 99//98 96//95 
f 95//94 97//96 94//93 
f 93//92 95//94 92//91 
f 91//90 93//92 90//89 
f 89//88 91//90 88//87 
f 87//86 89//88 86//85 
f 85//84 87//86 84//83 
f 83//82 85//84 82//81 
f 81//80 83//82 80//79 
f 79//78 81//80 78//77 
f 77//76 79//78 76//75 
f 75//74 77//76 74//73 
f 73//72 75//74 72//71 
f 71//70 73//72 70//69 
f 69//68 71//70 68//67 
f 67//66 69//68 66//65 
f 65//64 67//66 64//63 
f 63//62 65//64 62//61 
f 61//60 63//62 60//59 
f 59//58 61//60 58//57 
f 57//56 59//58 56//55 
f 55//54 57//56 54//53 
f 53//52 55//54 52//51 
f 51//50 53//52 50//49 
f 49//48 51//50 48//47 
f 47//46 49//48 46//45 
f 45//44 47//46 44//43 
f 43//42 45//44 42//41 
f 41//40 43//42 40//39 
f 39//38 41//40 38//37 
f 37//36 39//38 36//35 
f 35//34 37//36 34//33 
f 33//32 35//34 32//31 
f 31//30 33//32 30//29 
f 29//28 31//30 28//27 
f 27//26 29//28 26//25 
f 25//24 27//26 24//23 
f 23//22 25//24 22//21 
f 21//20 23//22 20//19 
f 19//18 21//20 18//17 
f 17//16 19//18 16//15 
f 15//14 17//16 14//13 
f 13//12 15//14 12//11 
f 11//10 13//12 10//9 
f 9//8 11//10 8//7 
f 7//6 9//8 6//5 
f 5//4 7//6 4//3 
f 3//2 5//4 1//1 
o mesh1
f 813//115 117//115 118//115 
f 814//115 118//115 119//115 
f 815//115 119//115 120//115 
f 816//115 120//115 121//115 
f 817//115 121//115 122//115 
f 818//115 122//115 123//115 
f 819//115 124//115 125//115 
f 819//115 126//115 124//115 
f 819//115 127//115 126//115 
f 813//115 128//115 129//115 
f 813//115 130//115 131//115 
f 125//115 813//115 819//115 
f 819//115 132//115 133//115 
f 813//115 134//115 135//115 
f 131//115 128//115 813//115 
f 133//115 127//115 819//115 
f 819//115 136//115 137//115 
f 813//115 138//115 134//115 
f 813//115 139//115 140//115 
f 125//115 130//115 813//115 
f 137//115 141//115 819//115 
f 819//115 142//115 143//115 
f 140//115 138//115 813//115 
f 141//115 132//115 819//115 
f 819//115 144//115 145//115 
f 143//115 146//115 819//115 
f 813//115 147//115 148//115 
f 129//115 139//115 813//115 
f 146//115 144//115 819//115 
f 820//115 149//115 150//115 
f 148//115 151//115 813//115 
f 145//115 136//115 819//115 
f 820//115 152//115 153//115 
f 820//115 154//115 155//115 
f 820//115 156//115 149//115 
f 135//115 147//115 813//115 
f 819//115 157//115 158//115 
f 153//115 819//115 820//115 
f 820//115 159//115 154//115 
f 150//115 160//115 820//115 
f 821//115 161//115 162//115 
f 158//115 142//115 819//115 
f 820//115 163//115 152//115 
f 820//115 164//115 165//115 
f 160//115 159//115 820//115 
f 162//115 166//115 821//115 
f 821//115 167//115 168//115 
f 153//115 157//115 819//115 
f 155//115 164//115 820//115 
f 821//115 169//115 161//115 
f 168//115 170//115 821//115 
f 165//115 163//115 820//115 
f 820//115 171//115 172//115 
f 820//115 821//115 173//115 
f 170//115 169//115 821//115 
f 821//115 174//115 175//115 
f 821//115 813//115 176//115 
f 172//115 156//115 820//115 
f 820//115 177//115 178//115 
f 821//115 179//115 173//115 
f 821//115 180//115 181//115 
f 175//115 167//115 821//115 
f 176//115 182//115 821//115 
f 178//115 171//115 820//115 
f 181//115 179//115 821//115 
f 182//115 174//115 821//115 
f 820//115 183//115 177//115 
f 166//115 180//115 821//115 
f 173//115 183//115 820//115 
f 819//115 813//115 814//115 
f 822//115 814//115 815//115 
f 823//115 815//115 816//115 
f 824//115 816//115 817//115 
f 825//115 817//115 818//115 
f 826//115 818//115 827//115 
f 184//115 185//115 820//115 
f 828//115 820//115 819//115 
f 829//115 819//115 822//115 
f 830//115 822//115 823//115 
f 831//115 823//115 824//115 
f 832//115 824//115 825//115 
f 833//115 826//115 834//115 
f 835//115 834//115 186//115 
f 187//115 184//115 828//115 
f 836//115 828//115 829//115 
f 837//115 829//115 830//115 
f 838//115 831//115 832//115 
f 839//115 833//115 835//115 
f 840//115 835//115 188//115 
f 189//115 187//115 836//115 
f 841//115 836//115 837//115 
f 842//115 837//115 843//115 
f 844//115 838//115 845//115 
f 846//115 845//115 847//115 
f 848//115 847//115 839//115 
f 849//115 839//115 840//115 
f 850//115 840//115 190//115 
f 191//115 189//115 841//115 
f 851//115 841//115 842//115 
f 852//115 853//115 192//115 
f 853//115 193//115 194//115 
f 854//115 195//115 196//115 
f 854//115 197//115 198//115 
f 854//115 199//115 200//115 
f 852//115 201//115 202//115 
f 852//115 203//115 204//115 
f 852//115 205//115 206//115 
f 194//115 192//115 853//115 
f 853//115 207//115 208//115 
f 853//115 209//115 210//115 
f 853//115 211//115 212//115 
f 198//115 195//115 854//115 
f 854//115 213//115 199//115 
f 852//115 214//115 201//115 
f 852//115 215//115 216//115 
f 852//115 217//115 218//115 
f 852//115 219//115 203//115 
f 192//115 205//115 852//115 
f 210//115 207//115 853//115 
f 853//115 220//115 211//115 
f 853//115 221//115 222//115 
f 842//115 223//115 224//115 
f 200//115 197//115 854//115 
f 854//115 225//115 226//115 
f 854//115 227//115 228//115 
f 852//115 229//115 214//115 
f 852//115 230//115 231//115 
f 852//115 232//115 215//115 
f 204//115 217//115 852//115 
f 208//115 193//115 853//115 
f 222//115 220//115 853//115 
f 853//115 233//115 234//115 
f 224//115 853//115 842//115 
f 842//115 235//115 236//115 
f 226//115 213//115 854//115 
f 228//115 237//115 854//115 
f 202//115 854//115 852//115 
f 216//115 230//115 852//115 
f 206//115 219//115 852//115 
f 234//115 221//115 853//115 
f 224//115 238//115 853//115 
f 842//115 239//115 240//115 
f 842//115 241//115 235//115 
f 842//115 242//115 243//115 
f 842//115 854//115 244//115 
f 237//115 225//115 854//115 
f 852//115 245//115 229//115 
f 218//115 232//115 852//115 
f 238//115 233//115 853//115 
f 236//115 239//115 842//115 
f 842//115 246//115 247//115 
f 842//115 248//115 242//115 
f 854//115 249//115 244//115 
f 202//115 227//115 854//115 
f 212//115 209//115 853//115 
f 247//115 241//115 842//115 
f 244//115 248//115 842//115 
f 231//115 245//115 852//115 
f 243//115 246//115 842//115 
f 240//115 223//115 842//115 
f 852//115 854//115 844//115 
f 855//115 844//115 846//115 
f 856//115 846//115 848//115 
f 857//115 848//115 849//115 
f 250//115 191//115 851//115 
f 858//115 851//115 853//115 
f 859//115 853//115 852//115 
f 860//115 852//115 855//115 
f 861//115 111//115 109//115 
f 861//115 115//115 113//115 
f 856//115 73//115 71//115 
f 856//115 83//115 81//115 
f 861//115 107//115 105//115 
f 113//115 111//115 861//115 
f 862//115 29//115 27//115 
f 862//115 855//115 33//115 
f 856//115 69//115 67//115 
f 856//115 75//115 73//115 
f 81//115 79//115 856//115 
f 109//115 107//115 861//115 
f 861//115 862//115 3//115 
f 862//115 31//115 29//115 
f 855//115 35//115 33//115 
f 855//115 43//115 41//115 
f 855//115 53//115 51//115 
f 855//115 57//115 55//115 
f 71//115 69//115 856//115 
f 79//115 77//115 856//115 
f 861//115 116//115 115//115 
f 862//115 5//115 3//115 
f 862//115 11//115 9//115 
f 33//115 31//115 862//115 
f 855//115 39//115 37//115 
f 855//115 45//115 43//115 
f 855//115 49//115 47//115 
f 55//115 53//115 855//115 
f 856//115 65//115 63//115 
f 77//115 75//115 856//115 
f 861//115 91//115 89//115 
f 861//115 101//115 99//115 
f 3//115 116//115 861//115 
f 9//115 7//115 862//115 
f 37//115 35//115 855//115 
f 47//115 45//115 855//115 
f 855//115 59//115 57//115 
f 855//115 856//115 61//115 
f 67//115 65//115 856//115 
f 856//115 87//115 85//115 
f 89//115 856//115 861//115 
f 861//115 103//115 101//115 
f 7//115 5//115 862//115 
f 862//115 19//115 17//115 
f 41//115 39//115 855//115 
f 61//115 59//115 855//115 
f 85//115 83//115 856//115 
f 861//115 93//115 91//115 
f 861//115 97//115 95//115 
f 105//115 103//115 861//115 
f 862//115 15//115 13//115 
f 862//115 21//115 19//115 
f 862//115 25//115 23//115 
f 51//115 49//115 855//115 
f 89//115 87//115 856//115 
f 99//115 97//115 861//115 
f 17//115 15//115 862//115 
f 27//115 25//115 862//115 
f 95//115 93//115 861//115 
f 23//115 21//115 862//115 
f 13//115 11//115 862//115 
f 861//115 856//115 857//115 
f 863//115 857//115 864//115 
f 865//115 864//115 866//115 
f 867//115 866//115 251//115 
f 252//115 250//115 858//115 
f 868//115 858//115 859//115 
f 869//115 859//115 860//115 
f 870//115 860//115 862//115 
f 871//115 862//115 861//115 
f 872//115 861//115 863//115 
f 873//115 865//115 867//115 
f 874//115 867//115 253//115 
f 254//115 252//115 868//115 
f 875//115 868//115 869//115 
f 876//115 869//115 870//115 
f 877//115 255//115 256//115 
f 871//115 257//115 258//115 
f 878//115 259//115 260//115 
f 877//115 261//115 255//115 
f 877//115 262//115 263//115 
f 877//115 870//115 264//115 
f 870//115 265//115 266//115 
f 871//115 267//115 257//115 
f 871//115 268//115 269//115 
f 871//115 260//115 270//115 
f 878//115 271//115 259//115 
f 878//115 272//115 273//115 
f 263//115 261//115 877//115 
f 877//115 274//115 275//115 
f 264//115 276//115 877//115 
f 870//115 277//115 278//115 
f 870//115 279//115 280//115 
f 870//115 281//115 265//115 
f 871//115 282//115 267//115 
f 871//115 283//115 268//115 
f 260//115 871//115 878//115 
f 273//115 284//115 878//115 
f 877//115 285//115 286//115 
f 256//115 287//115 877//115 
f 275//115 288//115 877//115 
f 278//115 264//115 870//115 
f 266//115 279//115 870//115 
f 870//115 289//115 290//115 
f 871//115 291//115 292//115 
f 269//115 282//115 871//115 
f 284//115 271//115 878//115 
f 877//115 293//115 285//115 
f 288//115 262//115 877//115 
f 280//115 277//115 870//115 
f 870//115 294//115 295//115 
f 870//115 296//115 289//115 
f 292//115 297//115 871//115 
f 270//115 283//115 871//115 
f 878//115 286//115 298//115 
f 877//115 299//115 293//115 
f 276//115 274//115 877//115 
f 290//115 294//115 870//115 
f 871//115 300//115 301//115 
f 258//115 291//115 871//115 
f 878//115 302//115 303//115 
f 286//115 878//115 877//115 
f 295//115 281//115 870//115 
f 870//115 871//115 304//115 
f 871//115 305//115 300//115 
f 303//115 272//115 878//115 
f 878//115 306//115 307//115 
f 878//115 308//115 309//115 
f 287//115 299//115 877//115 
f 304//115 310//115 870//115 
f 297//115 305//115 871//115 
f 307//115 311//115 878//115 
f 298//115 308//115 878//115 
f 310//115 312//115 870//115 
f 311//115 302//115 878//115 
f 312//115 296//115 870//115 
f 309//115 306//115 878//115 
f 878//115 871//115 872//115 
f 879//115 872//115 880//115 
f 881//115 873//115 874//115 
f 882//115 874//115 313//115 
f 314//115 876//115 877//115 
f 315//115 877//115 878//115 
f 316//115 878//115 879//115 
f 317//115 879//115 883//115 
f 318//115 883//115 881//115 
f 319//115 881//115 882//115 
f 864//115 320//115 321//115 
f 864//115 322//115 320//115 
f 850//115 323//115 324//115 
f 866//115 325//115 326//115 
f 864//115 327//115 322//115 
f 864//115 328//115 329//115 
f 849//115 330//115 328//115 
f 849//115 331//115 332//115 
f 324//115 849//115 850//115 
f 866//115 321//115 325//115 
f 864//115 333//115 327//115 
f 864//115 334//115 335//115 
f 328//115 864//115 849//115 
f 849//115 336//115 337//115 
f 332//115 338//115 849//115 
f 850//115 339//115 323//115 
f 321//115 866//115 864//115 
f 864//115 340//115 341//115 
f 864//115 342//115 343//115 
f 329//115 334//115 864//115 
f 849//115 344//115 345//115 
f 337//115 346//115 849//115 
f 324//115 331//115 849//115 
f 341//115 333//115 864//115 
f 335//115 342//115 864//115 
f 849//115 347//115 344//115 
f 338//115 336//115 849//115 
f 343//115 340//115 864//115 
f 346//115 347//115 849//115 
f 345//115 330//115 849//115 
f 348//115 349//115 350//115 
f 866//115 351//115 352//115 
f 348//115 353//115 349//115 
f 866//115 354//115 351//115 
f 348//115 355//115 353//115 
f 866//115 356//115 354//115 
f 850//115 357//115 358//115 
f 850//115 359//115 360//115 
f 350//115 850//115 348//115 
f 251//115 361//115 362//115 
f 866//115 363//115 356//115 
f 866//115 364//115 365//115 
f 850//115 366//115 357//115 
f 350//115 359//115 850//115 
f 348//115 367//115 368//115 
f 348//115 251//115 369//115 
f 251//115 370//115 371//115 
f 251//115 372//115 373//115 
f 251//115 374//115 361//115 
f 365//115 363//115 866//115 
f 360//115 366//115 850//115 
f 368//115 375//115 348//115 
f 369//115 376//115 348//115 
f 373//115 370//115 251//115 
f 251//115 377//115 378//115 
f 362//115 379//115 251//115 
f 352//115 251//115 866//115 
f 375//115 355//115 348//115 
f 376//115 380//115 348//115 
f 378//115 372//115 251//115 
f 352//115 374//115 251//115 
f 380//115 367//115 348//115 
f 379//115 377//115 251//115 
f 371//115 369//115 251//115 
f 844//115 381//115 382//115 
f 854//115 383//115 384//115 
f 854//115 843//115 385//115 
f 844//115 384//115 381//115 
f 385//115 383//115 854//115 
f 384//115 844//115 854//115 
f 831//115 386//115 387//115 
f 831//115 388//115 386//115 
f 838//115 389//115 390//115 
f 831//115 391//115 388//115 
f 831//115 392//115 393//115 
f 390//115 831//115 838//115 
f 838//115 394//115 395//115 
f 838//115 396//115 397//115 
f 831//115 398//115 391//115 
f 831//115 399//115 392//115 
f 395//115 389//115 838//115 
f 397//115 400//115 838//115 
f 838//115 401//115 402//115 
f 393//115 398//115 831//115 
f 400//115 394//115 838//115 
f 838//115 403//115 401//115 
f 843//115 404//115 405//115 
f 843//115 406//115 407//115 
f 830//115 831//115 408//115 
f 831//115 409//115 410//115 
f 390//115 399//115 831//115 
f 402//115 411//115 838//115 
f 838//115 412//115 413//115 
f 843//115 414//115 404//115 
f 843//115 415//115 406//115 
f 843//115 830//115 416//115 
f 830//115 417//115 418//115 
f 408//115 419//115 830//115 
f 831//115 420//115 421//115 
f 831//115 422//115 409//115 
f 411//115 396//115 838//115 
f 413//115 423//115 838//115 
f 407//115 414//115 843//115 
f 843//115 424//115 425//115 
f 843//115 426//115 427//115 
f 830//115 428//115 416//115 
f 830//115 429//115 430//115 
f 418//115 431//115 830//115 
f 421//115 408//115 831//115 
f 387//115 422//115 831//115 
f 838//115 382//115 412//115 
f 425//115 415//115 843//115 
f 416//115 426//115 843//115 
f 830//115 432//115 433//115 
f 830//115 434//115 429//115 
f 830//115 435//115 436//115 
f 419//115 417//115 830//115 
f 423//115 403//115 838//115 
f 427//115 424//115 843//115 
f 430//115 432//115 830//115 
f 830//115 437//115 435//115 
f 410//115 420//115 831//115 
f 843//115 438//115 439//115 
f 433//115 428//115 830//115 
f 431//115 437//115 830//115 
f 439//115 440//115 843//115 
f 436//115 434//115 830//115 
f 405//115 438//115 843//115 
f 884//115 441//115 442//115 
f 884//115 443//115 444//115 
f 884//115 445//115 441//115 
f 884//115 446//115 447//115 
f 442//115 443//115 884//115 
f 447//115 448//115 884//115 
f 884//115 449//115 445//115 
f 884//115 450//115 451//115 
f 448//115 452//115 884//115 
f 451//115 449//115 884//115 
f 444//115 446//115 884//115 
f 832//115 884//115 453//115 
f 845//115 454//115 455//115 
f 832//115 456//115 457//115 
f 453//115 458//115 832//115 
f 845//115 457//115 454//115 
f 458//115 456//115 832//115 
f 457//115 845//115 832//115 
f 847//115 459//115 460//115 
f 833//115 461//115 462//115 
f 833//115 839//115 463//115 
f 847//115 464//115 459//115 
f 833//115 465//115 466//115 
f 833//115 467//115 468//115 
f 463//115 461//115 833//115 
f 839//115 469//115 470//115 
f 847//115 471//115 464//115 
f 847//115 472//115 473//115 
f 847//115 474//115 475//115 
f 833//115 476//115 465//115 
f 833//115 477//115 478//115 
f 833//115 479//115 480//115 
f 468//115 481//115 833//115 
f 470//115 463//115 839//115 
f 839//115 482//115 483//115 
f 839//115 847//115 484//115 
f 473//115 471//115 847//115 
f 475//115 485//115 847//115 
f 478//115 476//115 833//115 
f 480//115 486//115 833//115 
f 462//115 467//115 833//115 
f 839//115 487//115 482//115 
f 839//115 488//115 489//115 
f 484//115 490//115 839//115 
f 485//115 472//115 847//115 
f 847//115 491//115 492//115 
f 486//115 477//115 833//115 
f 483//115 469//115 839//115 
f 839//115 493//115 488//115 
f 839//115 494//115 495//115 
f 839//115 496//115 497//115 
f 460//115 484//115 847//115 
f 847//115 498//115 491//115 
f 481//115 479//115 833//115 
f 495//115 493//115 839//115 
f 490//115 496//115 839//115 
f 847//115 455//115 498//115 
f 489//115 487//115 839//115 
f 492//115 474//115 847//115 
f 497//115 494//115 839//115 
f 825//115 499//115 450//115 
f 825//115 826//115 500//115 
f 826//115 833//115 501//115 
f 825//115 502//115 499//115 
f 501//115 500//115 826//115 
f 500//115 502//115 825//115 
f 873//115 503//115 504//115 
f 881//115 505//115 506//115 
f 880//115 507//115 508//115 
f 873//115 509//115 510//115 
f 873//115 506//115 503//115 
f 881//115 511//115 505//115 
f 880//115 512//115 507//115 
f 880//115 513//115 514//115 
f 873//115 515//115 516//115 
f 873//115 517//115 518//115 
f 873//115 519//115 520//115 
f 510//115 521//115 873//115 
f 506//115 873//115 881//115 
f 881//115 522//115 523//115 
f 514//115 512//115 880//115 
f 873//115 524//115 515//115 
f 520//115 517//115 873//115 
f 504//115 509//115 873//115 
f 881//115 525//115 522//115 
f 881//115 526//115 527//115 
f 883//115 528//115 529//115 
f 880//115 530//115 531//115 
f 880//115 532//115 513//115 
f 518//115 524//115 873//115 
f 523//115 511//115 881//115 
f 881//115 533//115 526//115 
f 881//115 534//115 535//115 
f 529//115 881//115 883//115 
f 883//115 536//115 537//115 
f 883//115 538//115 539//115 
f 883//115 540//115 541//115 
f 883//115 531//115 542//115 
f 508//115 530//115 880//115 
f 880//115 543//115 544//115 
f 880//115 545//115 546//115 
f 521//115 519//115 873//115 
f 535//115 533//115 881//115 
f 881//115 547//115 548//115 
f 537//115 528//115 883//115 
f 883//115 549//115 550//115 
f 539//115 551//115 883//115 
f 541//115 552//115 883//115 
f 531//115 883//115 880//115 
f 880//115 553//115 543//115 
f 546//115 554//115 880//115 
f 527//115 525//115 881//115 
f 529//115 547//115 881//115 
f 883//115 555//115 556//115 
f 551//115 549//115 883//115 
f 542//115 540//115 883//115 
f 554//115 553//115 880//115 
f 516//115 557//115 873//115 
f 556//115 536//115 883//115 
f 552//115 538//115 883//115 
f 880//115 558//115 545//115 
f 548//115 534//115 881//115 
f 544//115 532//115 880//115 
f 550//115 555//115 883//115 
f 863//115 559//115 558//115 
f 863//115 865//115 560//115 
f 865//115 873//115 561//115 
f 863//115 562//115 559//115 
f 561//115 560//115 865//115 
f 560//115 562//115 863//115 
f 563//115 564//115 565//115 
f 563//115 566//115 567//115 
f 565//115 568//115 563//115 
f 567//115 569//115 563//115 
f 566//115 563//115 570//115 
f 569//115 564//115 563//115 
f 571//115 572//115 573//115 
f 571//115 574//115 575//115 
f 568//115 576//115 563//115 
f 575//115 572//115 571//115 
f 573//115 566//115 571//115 
f 827//115 123//115 574//115 
f 574//115 571//115 827//115 
f 834//115 577//115 578//115 
f 827//115 579//115 577//115 
f 827//115 580//115 581//115 
f 577//115 834//115 827//115 
f 827//115 582//115 580//115 
f 834//115 583//115 584//115 
f 834//115 585//115 586//115 
f 578//115 587//115 834//115 
f 827//115 588//115 582//115 
f 827//115 589//115 590//115 
f 591//115 592//115 593//115 
f 591//115 571//115 594//115 
f 186//115 595//115 596//115 
f 834//115 597//115 598//115 
f 834//115 599//115 583//115 
f 586//115 600//115 834//115 
f 827//115 601//115 579//115 
f 590//115 588//115 827//115 
f 827//115 602//115 603//115 
f 594//115 592//115 591//115 
f 593//115 186//115 604//115 
f 186//115 605//115 595//115 
f 186//115 606//115 607//115 
f 834//115 608//115 597//115 
f 600//115 599//115 834//115 
f 581//115 601//115 827//115 
f 603//115 609//115 827//115 
f 593//115 610//115 611//115 
f 593//115 612//115 613//115 
f 604//115 614//115 593//115 
f 186//115 615//115 605//115 
f 607//115 616//115 186//115 
f 834//115 617//115 618//115 
f 584//115 608//115 834//115 
f 609//115 589//115 827//115 
f 571//115 619//115 620//115 
f 593//115 611//115 591//115 
f 614//115 612//115 593//115 
f 616//115 615//115 186//115 
f 186//115 621//115 622//115 
f 618//115 186//115 834//115 
f 834//115 623//115 624//115 
f 587//115 585//115 834//115 
f 571//115 625//115 626//115 
f 571//115 627//115 619//115 
f 591//115 628//115 571//115 
f 186//115 629//115 604//115 
f 186//115 630//115 631//115 
f 622//115 606//115 186//115 
f 834//115 632//115 617//115 
f 598//115 623//115 834//115 
f 827//115 633//115 634//115 
f 626//115 635//115 571//115 
f 628//115 627//115 571//115 
f 631//115 629//115 186//115 
f 186//115 636//115 637//115 
f 618//115 621//115 186//115 
f 634//115 602//115 827//115 
f 827//115 571//115 638//115 
f 620//115 625//115 571//115 
f 637//115 630//115 186//115 
f 624//115 632//115 834//115 
f 638//115 639//115 827//115 
f 613//115 610//115 593//115 
f 639//115 633//115 827//115 
f 596//115 636//115 186//115 
f 640//115 641//115 642//115 
f 643//115 640//115 644//115 
f 640//115 645//115 646//115 
f 640//115 647//115 648//115 
f 640//115 649//115 650//115 
f 642//115 651//115 640//115 
f 644//115 652//115 643//115 
f 648//115 645//115 640//115 
f 650//115 653//115 640//115 
f 651//115 654//115 640//115 
f 882//115 655//115 656//115 
f 882//115 657//115 658//115 
f 882//115 659//115 660//115 
f 882//115 661//115 662//115 
f 663//115 664//115 665//115 
f 640//115 666//115 644//115 
f 653//115 647//115 640//115 
f 640//115 656//115 641//115 
f 882//115 667//115 655//115 
f 658//115 668//115 882//115 
f 662//115 659//115 882//115 
f 882//115 669//115 670//115 
f 665//115 671//115 663//115 
f 672//115 663//115 673//115 
f 674//115 672//115 675//115 
f 676//115 674//115 677//115 
f 678//115 679//115 680//115 
f 676//115 681//115 682//115 
f 680//115 683//115 684//115 
f 646//115 666//115 640//115 
f 656//115 640//115 882//115 
f 660//115 657//115 882//115 
f 882//115 685//115 686//115 
f 882//115 687//115 669//115 
f 665//115 664//115 688//115 
f 671//115 689//115 663//115 
f 673//115 690//115 672//115 
f 675//115 691//115 674//115 
f 677//115 692//115 676//115 
f 682//115 678//115 676//115 
f 680//115 679//115 683//115 
f 693//115 684//115 643//115 
f 654//115 649//115 640//115 
f 686//115 661//115 882//115 
f 882//115 694//115 687//115 
f 695//115 696//115 697//115 
f 689//115 673//115 663//115 
f 691//115 677//115 674//115 
f 680//115 676//115 678//115 
f 643//115 698//115 693//115 
f 668//115 667//115 882//115 
f 882//115 699//115 694//115 
f 697//115 700//115 695//115 
f 695//115 701//115 702//115 
f 695//115 703//115 704//115 
f 665//115 705//115 706//115 
f 690//115 675//115 672//115 
f 684//115 693//115 680//115 
f 670//115 685//115 882//115 
f 695//115 707//115 708//115 
f 702//115 696//115 695//115 
f 695//115 709//115 710//115 
f 704//115 711//115 695//115 
f 706//115 695//115 665//115 
f 665//115 712//115 713//115 
f 692//115 681//115 676//115 
f 652//115 714//115 643//115 
f 700//115 707//115 695//115 
f 711//115 709//115 695//115 
f 713//115 705//115 665//115 
f 714//115 698//115 643//115 
f 882//115 695//115 715//115 
f 715//115 695//115 716//115 
f 710//115 701//115 695//115 
f 688//115 712//115 665//115 
f 716//115 717//115 715//115 
f 706//115 703//115 695//115 
f 708//115 716//115 695//115 
f 876//115 718//115 719//115 
f 876//115 720//115 718//115 
f 876//115 314//115 721//115 
f 876//115 722//115 723//115 
f 876//115 724//115 725//115 
f 719//115 726//115 876//115 
f 314//115 727//115 721//115 
f 876//115 728//115 729//115 
f 725//115 722//115 876//115 
f 721//115 720//115 876//115 
f 314//115 730//115 731//115 
f 876//115 732//115 728//115 
f 876//115 733//115 734//115 
f 726//115 724//115 876//115 
f 731//115 735//115 314//115 
f 314//115 736//115 737//115 
f 734//115 732//115 876//115 
f 735//115 727//115 314//115 
f 314//115 738//115 739//115 
f 737//115 740//115 314//115 
f 741//115 742//115 743//115 
f 744//115 745//115 741//115 
f 723//115 733//115 876//115 
f 740//115 738//115 314//115 
f 314//115 746//115 747//115 
f 743//115 748//115 741//115 
f 741//115 749//115 744//115 
f 750//115 751//115 752//115 
f 876//115 753//115 754//115 
f 739//115 730//115 314//115 
f 746//115 755//115 747//115 
f 742//115 756//115 746//115 
f 744//115 750//115 745//115 
f 750//115 757//115 751//115 
f 729//115 753//115 876//115 
f 314//115 758//115 759//115 
f 746//115 760//115 755//115 
f 746//115 743//115 742//115 
f 750//115 761//115 745//115 
f 752//115 762//115 750//115 
f 875//115 763//115 764//115 
f 759//115 736//115 314//115 
f 756//115 760//115 746//115 
f 762//115 761//115 750//115 
f 764//115 765//115 875//115 
f 875//115 766//115 767//115 
f 754//115 768//115 876//115 
f 748//115 749//115 741//115 
f 875//115 769//115 763//115 
f 767//115 770//115 875//115 
f 747//115 758//115 314//115 
f 750//115 771//115 772//115 
f 750//115 875//115 773//115 
f 770//115 769//115 875//115 
f 875//115 774//115 775//115 
f 875//115 876//115 776//115 
f 772//115 757//115 750//115 
f 875//115 777//115 773//115 
f 875//115 778//115 779//115 
f 875//115 780//115 781//115 
f 775//115 766//115 875//115 
f 776//115 782//115 875//115 
f 773//115 771//115 750//115 
f 781//115 778//115 875//115 
f 782//115 774//115 875//115 
f 875//115 783//115 777//115 
f 765//115 780//115 875//115 
f 779//115 783//115 875//115 
f 784//115 785//115 786//115 
f 787//115 788//115 789//115 
f 788//115 787//115 790//115 
f 784//115 791//115 785//115 
f 790//115 792//115 788//115 
f 786//115 793//115 784//115 
f 793//115 787//115 784//115 
f 784//115 750//115 794//115 
f 875//115 750//115 784//115 
f 794//115 791//115 784//115 
f 789//115 784//115 787//115 
f 821//115 795//115 796//115 
f 821//115 797//115 795//115 
f 820//115 185//115 797//115 
f 797//115 821//115 820//115 
f 821//115 798//115 799//115 
f 821//115 800//115 798//115 
f 821//115 801//115 802//115 
f 821//115 803//115 800//115 
f 802//115 804//115 821//115 
f 821//115 805//115 806//115 
f 804//115 803//115 821//115 
f 799//115 805//115 821//115 
f 821//115 807//115 808//115 
f 821//115 809//115 810//115 
f 808//115 811//115 821//115 
f 813//115 821//115 812//115 
f 811//115 809//115 821//115 
f 810//115 812//115 821//115 
f 812//115 117//115 813//115 
f 806//115 807//115 821//115 
f 796//115 801//115 821//115 
f 784//115 254//115 875//115 
f 768//115 776//115 876//115 
f 715//115 699//115 882//115 
f 635//115 638//115 571//115 
f 570//115 571//115 566//115 
f 558//115 880//115 863//115 
f 557//115 561//115 873//115 
f 450//115 884//115 825//115 
f 466//115 501//115 833//115 
f 455//115 847//115 845//115 
f 452//115 453//115 884//115 
f 440//115 385//115 843//115 
f 382//115 838//115 844//115 
f 358//115 339//115 850//115 
f 326//115 364//115 866//115 
f 882//115 640//115 319//115 
f 881//115 319//115 318//115 
f 883//115 318//115 317//115 
f 879//115 317//115 316//115 
f 878//115 316//115 315//115 
f 877//115 315//115 314//115 
f 313//115 695//115 882//115 
f 874//115 882//115 881//115 
f 880//115 883//115 879//115 
f 872//115 879//115 878//115 
f 301//115 304//115 871//115 
f 870//115 877//115 876//115 
f 869//115 876//115 875//115 
f 868//115 875//115 254//115 
f 253//115 313//115 874//115 
f 867//115 874//115 873//115 
f 863//115 880//115 872//115 
f 861//115 872//115 871//115 
f 862//115 871//115 870//115 
f 860//115 870//115 869//115 
f 859//115 869//115 868//115 
f 858//115 868//115 252//115 
f 251//115 253//115 867//115 
f 866//115 867//115 865//115 
f 864//115 865//115 863//115 
f 857//115 863//115 861//115 
f 63//115 61//115 856//115 
f 855//115 862//115 860//115 
f 852//115 860//115 859//115 
f 853//115 859//115 858//115 
f 851//115 858//115 250//115 
f 849//115 864//115 857//115 
f 848//115 857//115 856//115 
f 846//115 856//115 855//115 
f 844//115 855//115 852//115 
f 196//115 249//115 854//115 
f 842//115 853//115 851//115 
f 841//115 851//115 191//115 
f 190//115 348//115 850//115 
f 840//115 850//115 849//115 
f 839//115 849//115 848//115 
f 847//115 848//115 846//115 
f 845//115 846//115 844//115 
f 843//115 854//115 842//115 
f 837//115 842//115 841//115 
f 836//115 841//115 189//115 
f 188//115 190//115 840//115 
f 835//115 840//115 839//115 
f 832//115 845//115 838//115 
f 830//115 843//115 837//115 
f 829//115 837//115 836//115 
f 828//115 836//115 187//115 
f 186//115 188//115 835//115 
f 834//115 835//115 833//115 
f 825//115 884//115 832//115 
f 824//115 832//115 831//115 
f 823//115 831//115 830//115 
f 822//115 830//115 829//115 
f 819//115 829//115 828//115 
f 820//115 828//115 184//115 
f 827//115 834//115 826//115 
f 818//115 826//115 825//115 
f 817//115 825//115 824//115 
f 816//115 824//115 823//115 
f 815//115 823//115 822//115 
f 814//115 822//115 819//115 
f 151//115 176//115 813//115 
f 123//115 827//115 818//115 
f 122//115 818//115 817//115 
f 121//115 817//115 816//115 
f 120//115 816//115 815//115 
f 119//115 815//115 814//115 
f 118//115 814//115 813//115 
o mesh2
f 885//116 886//116 1581//116 
f 886//116 887//116 1582//116 
f 887//116 888//116 1583//116 
f 888//116 889//116 1584//116 
f 889//116 890//116 1585//116 
f 890//116 891//116 1586//116 
f 892//116 1587//116 1588//116 
f 1587//116 1589//116 1590//116 
f 1589//116 1581//116 1591//116 
f 1582//116 893//116 894//116 
f 1582//116 1592//116 895//116 
f 1582//116 896//116 893//116 
f 895//116 897//116 1582//116 
f 897//116 896//116 1582//116 
f 1592//116 898//116 899//116 
f 1592//116 900//116 901//116 
f 1592//116 902//116 903//116 
f 899//116 895//116 1592//116 
f 1592//116 904//116 900//116 
f 1592//116 905//116 902//116 
f 1581//116 906//116 907//116 
f 901//116 898//116 1592//116 
f 903//116 908//116 1592//116 
f 1591//116 909//116 910//116 
f 1581//116 911//116 912//116 
f 1581//116 913//116 906//116 
f 1581//116 914//116 915//116 
f 1582//116 916//116 917//116 
f 908//116 904//116 1592//116 
f 1592//116 918//116 919//116 
f 910//116 920//116 1591//116 
f 1591//116 921//116 922//116 
f 1591//116 912//116 923//116 
f 1581//116 924//116 911//116 
f 1581//116 925//116 926//116 
f 915//116 913//116 1581//116 
f 894//116 916//116 1582//116 
f 1592//116 927//116 918//116 
f 1592//116 928//116 929//116 
f 1591//116 930//116 931//116 
f 922//116 909//116 1591//116 
f 912//116 1591//116 1581//116 
f 1581//116 932//116 925//116 
f 1581//116 933//116 914//116 
f 1582//116 934//116 935//116 
f 919//116 905//116 1592//116 
f 929//116 936//116 1592//116 
f 1591//116 937//116 928//116 
f 931//116 938//116 1591//116 
f 1591//116 939//116 940//116 
f 923//116 921//116 1591//116 
f 907//116 932//116 1581//116 
f 1581//116 1582//116 941//116 
f 1582//116 942//116 934//116 
f 936//116 927//116 1592//116 
f 1591//116 943//116 937//116 
f 940//116 930//116 1591//116 
f 926//116 924//116 1581//116 
f 941//116 944//116 1581//116 
f 917//116 942//116 1582//116 
f 1591//116 945//116 943//116 
f 920//116 939//116 1591//116 
f 944//116 946//116 1581//116 
f 1582//116 947//116 948//116 
f 1582//116 949//116 950//116 
f 928//116 1592//116 1591//116 
f 946//116 933//116 1581//116 
f 950//116 947//116 1582//116 
f 938//116 945//116 1591//116 
f 935//116 949//116 1582//116 
f 1582//116 1583//116 1593//116 
f 1583//116 1584//116 1594//116 
f 1585//116 1586//116 1595//116 
f 1586//116 951//116 952//116 
f 953//116 1588//116 1596//116 
f 1588//116 1590//116 1597//116 
f 1590//116 1591//116 1598//116 
f 1591//116 1592//116 1599//116 
f 1592//116 1593//116 1600//116 
f 1593//116 1594//116 1601//116 
f 1602//116 1595//116 1603//116 
f 1595//116 952//116 954//116 
f 955//116 1596//116 1604//116 
f 1596//116 1597//116 1605//116 
f 1597//116 1598//116 1606//116 
f 1598//116 1599//116 1607//116 
f 1607//116 56//116 58//116 
f 1607//116 36//116 38//116 
f 1608//116 76//116 78//116 
f 58//116 1608//116 1607//116 
f 1607//116 42//116 44//116 
f 38//116 40//116 1607//116 
f 1599//116 28//116 30//116 
f 1599//116 22//116 24//116 
f 1608//116 74//116 76//116 
f 1608//116 66//116 68//116 
f 58//116 60//116 1608//116 
f 1607//116 50//116 52//116 
f 1607//116 46//116 48//116 
f 40//116 42//116 1607//116 
f 1607//116 32//116 34//116 
f 30//116 1607//116 1599//116 
f 24//116 26//116 1599//116 
f 1608//116 72//116 74//116 
f 68//116 70//116 1608//116 
f 1607//116 54//116 56//116 
f 48//116 50//116 1607//116 
f 34//116 36//116 1607//116 
f 26//116 28//116 1599//116 
f 70//116 72//116 1608//116 
f 1608//116 62//116 64//116 
f 52//116 54//116 1607//116 
f 30//116 32//116 1607//116 
f 1600//116 108//116 110//116 
f 1600//116 104//116 106//116 
f 64//116 66//116 1608//116 
f 44//116 46//116 1607//116 
f 1599//116 12//116 14//116 
f 1600//116 112//116 114//116 
f 106//116 108//116 1600//116 
f 60//116 62//116 1608//116 
f 1599//116 18//116 20//116 
f 14//116 16//116 1599//116 
f 1599//116 8//116 10//116 
f 110//116 112//116 1600//116 
f 1600//116 100//116 102//116 
f 1600//116 94//116 96//116 
f 1600//116 1608//116 86//116 
f 20//116 22//116 1599//116 
f 10//116 12//116 1599//116 
f 102//116 104//116 1600//116 
f 96//116 98//116 1600//116 
f 86//116 88//116 1600//116 
f 1608//116 80//116 82//116 
f 16//116 18//116 1599//116 
f 98//116 100//116 1600//116 
f 1600//116 90//116 92//116 
f 1608//116 84//116 86//116 
f 78//116 80//116 1608//116 
f 1599//116 4//116 6//116 
f 92//116 94//116 1600//116 
f 82//116 84//116 1608//116 
f 1599//116 1//116 4//116 
f 1599//116 1600//116 2//116 
f 88//116 90//116 1600//116 
f 2//116 1//116 1599//116 
f 6//116 8//116 1599//116 
f 1600//116 1601//116 1609//116 
f 1601//116 1610//116 1611//116 
f 1610//116 1603//116 1612//116 
f 1603//116 954//116 956//116 
f 957//116 1604//116 1613//116 
f 1604//116 1605//116 1614//116 
f 1606//116 958//116 959//116 
f 959//116 960//116 1606//116 
f 1606//116 961//116 962//116 
f 1606//116 963//116 964//116 
f 1606//116 965//116 966//116 
f 1606//116 1615//116 967//116 
f 1606//116 968//116 969//116 
f 962//116 958//116 1606//116 
f 964//116 970//116 1606//116 
f 1606//116 971//116 972//116 
f 967//116 965//116 1606//116 
f 1615//116 973//116 974//116 
f 1615//116 975//116 976//116 
f 1615//116 977//116 978//116 
f 960//116 968//116 1606//116 
f 972//116 963//116 1606//116 
f 966//116 979//116 1606//116 
f 1615//116 980//116 973//116 
f 978//116 975//116 1615//116 
f 1614//116 981//116 982//116 
f 1614//116 983//116 984//116 
f 1605//116 985//116 986//116 
f 970//116 961//116 1606//116 
f 1615//116 987//116 967//116 
f 1615//116 988//116 989//116 
f 1615//116 990//116 991//116 
f 976//116 980//116 1615//116 
f 982//116 1615//116 1614//116 
f 984//116 992//116 1614//116 
f 1614//116 993//116 994//116 
f 1614//116 1605//116 995//116 
f 1605//116 996//116 997//116 
f 986//116 998//116 1605//116 
f 979//116 971//116 1606//116 
f 1615//116 999//116 988//116 
f 974//116 990//116 1615//116 
f 992//116 981//116 1614//116 
f 994//116 1000//116 1614//116 
f 1614//116 1001//116 1002//116 
f 1605//116 1003//116 995//116 
f 1605//116 1004//116 1005//116 
f 998//116 996//116 1605//116 
f 1605//116 1006//116 1007//116 
f 1605//116 1008//116 1009//116 
f 1605//116 1010//116 1011//116 
f 1606//116 1012//116 1010//116 
f 989//116 987//116 1615//116 
f 982//116 977//116 1615//116 
f 1614//116 1013//116 1014//116 
f 1002//116 993//116 1614//116 
f 1605//116 1015//116 1003//116 
f 997//116 1004//116 1605//116 
f 1009//116 1006//116 1605//116 
f 1010//116 1605//116 1606//116 
f 991//116 999//116 1615//116 
f 1000//116 1013//116 1614//116 
f 1005//116 1015//116 1605//116 
f 1011//116 1008//116 1605//116 
f 1014//116 983//116 1614//116 
f 1007//116 985//116 1605//116 
f 995//116 1001//116 1614//116 
f 1606//116 1607//116 1616//116 
f 1607//116 1608//116 1617//116 
f 1608//116 1609//116 1618//116 
f 1609//116 1611//116 1619//116 
f 1016//116 1613//116 1620//116 
f 1613//116 1614//116 1621//116 
f 1614//116 1615//116 1622//116 
f 1616//116 1617//116 1623//116 
f 1617//116 1618//116 1624//116 
f 1618//116 1619//116 1625//116 
f 1619//116 1626//116 1627//116 
f 1626//116 1017//116 1018//116 
f 1019//116 1620//116 1628//116 
f 1620//116 1621//116 1629//116 
f 1621//116 1622//116 1630//116 
f 1631//116 1623//116 1632//116 
f 1625//116 1627//116 1633//116 
f 1627//116 1018//116 1020//116 
f 1021//116 1628//116 1634//116 
f 1628//116 1629//116 1635//116 
f 1629//116 1630//116 1636//116 
f 1630//116 1637//116 1638//116 
f 1637//116 1632//116 1639//116 
f 1632//116 1640//116 1641//116 
f 1642//116 1633//116 1643//116 
f 1633//116 1020//116 1022//116 
f 1635//116 1023//116 1024//116 
f 1635//116 1644//116 1025//116 
f 1635//116 1026//116 1027//116 
f 1025//116 1023//116 1635//116 
f 1024//116 1026//116 1635//116 
f 1644//116 1028//116 1029//116 
f 1644//116 1030//116 1031//116 
f 1635//116 1032//116 1033//116 
f 1635//116 1034//116 1035//116 
f 1644//116 1036//116 1025//116 
f 1031//116 1028//116 1644//116 
f 1635//116 1037//116 1032//116 
f 1635//116 1038//116 1039//116 
f 1635//116 1040//116 1034//116 
f 1029//116 1036//116 1644//116 
f 1644//116 1041//116 1042//116 
f 1039//116 1037//116 1635//116 
f 1027//116 1040//116 1635//116 
f 1644//116 1043//116 1044//116 
f 1042//116 1045//116 1644//116 
f 1035//116 1038//116 1635//116 
f 1045//116 1043//116 1644//116 
f 1635//116 1046//116 1047//116 
f 1044//116 1030//116 1644//116 
f 1645//116 1048//116 1049//116 
f 1033//116 1046//116 1635//116 
f 1644//116 1050//116 1051//116 
f 1645//116 1052//116 1053//116 
f 1645//116 1054//116 1055//116 
f 1645//116 1056//116 1048//116 
f 1051//116 1041//116 1644//116 
f 1053//116 1644//116 1645//116 
f 1645//116 1057//116 1054//116 
f 1049//116 1058//116 1645//116 
f 1047//116 1059//116 1635//116 
f 1645//116 1060//116 1052//116 
f 1645//116 1061//116 1062//116 
f 1058//116 1057//116 1645//116 
f 1634//116 1063//116 1064//116 
f 1053//116 1050//116 1644//116 
f 1055//116 1061//116 1645//116 
f 1064//116 1065//116 1634//116 
f 1634//116 1066//116 1067//116 
f 1062//116 1060//116 1645//116 
f 1645//116 1068//116 1069//116 
f 1634//116 1070//116 1071//116 
f 1634//116 1072//116 1063//116 
f 1067//116 1073//116 1634//116 
f 1069//116 1056//116 1645//116 
f 1071//116 1645//116 1634//116 
f 1073//116 1072//116 1634//116 
f 1634//116 1074//116 1075//116 
f 1634//116 1635//116 1076//116 
f 1071//116 1068//116 1645//116 
f 1075//116 1066//116 1634//116 
f 1076//116 1077//116 1634//116 
f 1634//116 1078//116 1070//116 
f 1634//116 1079//116 1080//116 
f 1634//116 1081//116 1082//116 
f 1077//116 1074//116 1634//116 
f 1080//116 1078//116 1634//116 
f 1065//116 1081//116 1634//116 
f 1082//116 1079//116 1634//116 
f 1635//116 1636//116 1646//116 
f 1636//116 1638//116 1647//116 
f 1638//116 1639//116 1648//116 
f 1639//116 1641//116 1649//116 
f 1641//116 1650//116 1651//116 
f 1650//116 1643//116 1652//116 
f 1644//116 1646//116 1083//116 
f 1646//116 1647//116 1084//116 
f 1647//116 1648//116 1085//116 
f 1648//116 1649//116 1086//116 
f 1649//116 1651//116 1087//116 
f 1651//116 1652//116 1088//116 
f 1626//116 1619//116 1089//116 
f 1619//116 1090//116 1089//116 
f 1619//116 1091//116 1092//116 
f 1611//116 1093//116 1094//116 
f 1611//116 1612//116 1095//116 
f 1089//116 1096//116 1626//116 
f 1619//116 1097//116 1091//116 
f 1619//116 1098//116 1099//116 
f 1095//116 1093//116 1611//116 
f 1612//116 1100//116 1101//116 
f 1092//116 1090//116 1619//116 
f 1619//116 1102//116 1098//116 
f 1619//116 1103//116 1104//116 
f 1094//116 1105//116 1611//116 
f 1101//116 1106//116 1612//116 
f 1099//116 1097//116 1619//116 
f 1104//116 1107//116 1619//116 
f 1619//116 1611//116 1108//116 
f 1611//116 1109//116 1110//116 
f 1611//116 1111//116 1112//116 
f 1611//116 1113//116 1114//116 
f 1611//116 1115//116 1116//116 
f 1106//116 1095//116 1612//116 
f 1107//116 1102//116 1619//116 
f 1110//116 1108//116 1611//116 
f 1114//116 1111//116 1611//116 
f 1105//116 1115//116 1611//116 
f 1108//116 1103//116 1619//116 
f 1116//116 1113//116 1611//116 
f 1112//116 1109//116 1611//116 
f 1017//116 1626//116 1117//116 
f 956//116 1118//116 1119//116 
f 1117//116 1120//116 1017//116 
f 1612//116 956//116 1121//116 
f 1119//116 1122//116 956//116 
f 1120//116 1123//116 1017//116 
f 1612//116 1124//116 1125//116 
f 1121//116 1126//116 1612//116 
f 956//116 1127//116 1128//116 
f 1122//116 1129//116 956//116 
f 1017//116 1130//116 1118//116 
f 1626//116 1131//116 1117//116 
f 1626//116 1132//116 1133//116 
f 1626//116 1134//116 1135//116 
f 1612//116 1136//116 1124//116 
f 1126//116 1137//116 1612//116 
f 956//116 1138//116 1139//116 
f 1129//116 1127//116 956//116 
f 1017//116 1140//116 1130//116 
f 1017//116 1141//116 1142//116 
f 1133//116 1131//116 1626//116 
f 1135//116 1143//116 1626//116 
f 1137//116 1136//116 1612//116 
f 1139//116 1144//116 956//116 
f 1118//116 956//116 1017//116 
f 1017//116 1145//116 1141//116 
f 1143//116 1132//116 1626//116 
f 956//116 1146//116 1121//116 
f 956//116 1147//116 1138//116 
f 1017//116 1148//116 1140//116 
f 1123//116 1145//116 1017//116 
f 1144//116 1146//116 956//116 
f 1142//116 1148//116 1017//116 
f 1128//116 1147//116 956//116 
f 1615//116 1149//116 1150//116 
f 1615//116 1616//116 1151//116 
f 1616//116 1631//116 1152//116 
f 1151//116 1149//116 1615//116 
f 1152//116 1153//116 1616//116 
f 1153//116 1151//116 1616//116 
f 1631//116 1154//116 1155//116 
f 1631//116 1156//116 1154//116 
f 1631//116 1157//116 1158//116 
f 1631//116 1637//116 1159//116 
f 1158//116 1156//116 1631//116 
f 1637//116 1160//116 1159//116 
f 1637//116 1161//116 1162//116 
f 1637//116 1163//116 1164//116 
f 1637//116 1165//116 1166//116 
f 1631//116 1167//116 1168//116 
f 1159//116 1157//116 1631//116 
f 1637//116 1169//116 1161//116 
f 1166//116 1163//116 1637//116 
f 1168//116 1170//116 1631//116 
f 1162//116 1160//116 1637//116 
f 1164//116 1171//116 1637//116 
f 1622//116 1172//116 1173//116 
f 1631//116 1174//116 1175//116 
f 1631//116 1176//116 1167//116 
f 1171//116 1169//116 1637//116 
f 1637//116 1177//116 1178//116 
f 1630//116 1179//116 1180//116 
f 1173//116 1181//116 1622//116 
f 1631//116 1182//116 1174//116 
f 1155//116 1176//116 1631//116 
f 1178//116 1183//116 1637//116 
f 1637//116 1180//116 1184//116 
f 1630//116 1185//116 1179//116 
f 1630//116 1186//116 1187//116 
f 1622//116 1188//116 1189//116 
f 1622//116 1190//116 1172//116 
f 1622//116 1191//116 1192//116 
f 1175//116 1193//116 1631//116 
f 1183//116 1165//116 1637//116 
f 1180//116 1637//116 1630//116 
f 1630//116 1194//116 1186//116 
f 1630//116 1195//116 1196//116 
f 1189//116 1630//116 1622//116 
f 1622//116 1197//116 1198//116 
f 1622//116 1199//116 1200//116 
f 1192//116 1190//116 1622//116 
f 1170//116 1182//116 1631//116 
f 1187//116 1185//116 1630//116 
f 1630//116 1201//116 1202//116 
f 1630//116 1203//116 1195//116 
f 1630//116 1204//116 1205//116 
f 1198//116 1188//116 1622//116 
f 1181//116 1199//116 1622//116 
f 1184//116 1177//116 1637//116 
f 1202//116 1206//116 1630//116 
f 1205//116 1203//116 1630//116 
f 1200//116 1197//116 1622//116 
f 1206//116 1194//116 1630//116 
f 1189//116 1204//116 1630//116 
f 1622//116 1207//116 1208//116 
f 1196//116 1201//116 1630//116 
f 1622//116 1150//116 1207//116 
f 1208//116 1191//116 1622//116 
f 1624//116 1209//116 1210//116 
f 1624//116 1211//116 1212//116 
f 1625//116 1213//116 1214//116 
f 1642//116 1215//116 1213//116 
f 1624//116 1216//116 1209//116 
f 1624//116 1217//116 1218//116 
f 1212//116 1219//116 1624//116 
f 1625//116 1220//116 1221//116 
f 1213//116 1625//116 1642//116 
f 1642//116 1222//116 1223//116 
f 1218//116 1216//116 1624//116 
f 1219//116 1224//116 1624//116 
f 1625//116 1225//116 1211//116 
f 1625//116 1226//116 1227//116 
f 1221//116 1228//116 1625//116 
f 1223//116 1215//116 1642//116 
f 1642//116 1229//116 1230//116 
f 1642//116 1231//116 1232//116 
f 1624//116 1233//116 1234//116 
f 1224//116 1217//116 1624//116 
f 1625//116 1235//116 1225//116 
f 1625//116 1236//116 1237//116 
f 1227//116 1238//116 1625//116 
f 1214//116 1220//116 1625//116 
f 1642//116 1239//116 1229//116 
f 1642//116 1240//116 1231//116 
f 1642//116 1241//116 1242//116 
f 1642//116 1243//116 1244//116 
f 1234//116 1245//116 1624//116 
f 1211//116 1624//116 1625//116 
f 1625//116 1246//116 1247//116 
f 1238//116 1236//116 1625//116 
f 1230//116 1222//116 1642//116 
f 1242//116 1240//116 1642//116 
f 1244//116 1248//116 1642//116 
f 1245//116 1249//116 1624//116 
f 1247//116 1235//116 1625//116 
f 1228//116 1226//116 1625//116 
f 1248//116 1241//116 1642//116 
f 1210//116 1233//116 1624//116 
f 1232//116 1239//116 1642//116 
f 1237//116 1246//116 1625//116 
f 1632//116 1250//116 1251//116 
f 1632//116 1252//116 1250//116 
f 1632//116 1623//116 1253//116 
f 1623//116 1624//116 1254//116 
f 1253//116 1252//116 1632//116 
f 1254//116 1255//116 1623//116 
f 1255//116 1253//116 1623//116 
f 1640//116 1256//116 1257//116 
f 1257//116 1258//116 1640//116 
f 1640//116 1259//116 1260//116 
f 1260//116 1256//116 1640//116 
f 1640//116 1261//116 1262//116 
f 1640//116 1263//116 1264//116 
f 1258//116 1265//116 1640//116 
f 1640//116 1266//116 1261//116 
f 1265//116 1263//116 1640//116 
f 1640//116 1251//116 1266//116 
f 1262//116 1259//116 1640//116 
f 1650//116 1267//116 1243//116 
f 1641//116 1268//116 1267//116 
f 1641//116 1640//116 1269//116 
f 1267//116 1650//116 1641//116 
f 1269//116 1270//116 1641//116 
f 1270//116 1268//116 1641//116 
f 1594//116 1271//116 1272//116 
f 1594//116 1273//116 1274//116 
f 1272//116 1275//116 1594//116 
f 1585//116 1602//116 1276//116 
f 1275//116 1273//116 1594//116 
f 1276//116 1277//116 1585//116 
f 1594//116 1278//116 1279//116 
f 1594//116 1280//116 1281//116 
f 1274//116 1282//116 1594//116 
f 1594//116 1584//116 1283//116 
f 1585//116 1284//116 1285//116 
f 1602//116 1286//116 1276//116 
f 1602//116 1287//116 1288//116 
f 1594//116 1289//116 1278//116 
f 1281//116 1290//116 1594//116 
f 1283//116 1271//116 1594//116 
f 1584//116 1291//116 1292//116 
f 1584//116 1293//116 1294//116 
f 1584//116 1585//116 1295//116 
f 1585//116 1296//116 1297//116 
f 1285//116 1298//116 1585//116 
f 1288//116 1286//116 1602//116 
f 1602//116 1299//116 1300//116 
f 1290//116 1289//116 1594//116 
f 1292//116 1283//116 1584//116 
f 1584//116 1301//116 1293//116 
f 1584//116 1302//116 1303//116 
f 1584//116 1304//116 1305//116 
f 1585//116 1306//116 1295//116 
f 1585//116 1307//116 1308//116 
f 1297//116 1309//116 1585//116 
f 1277//116 1284//116 1585//116 
f 1602//116 1310//116 1299//116 
f 1602//116 1311//116 1312//116 
f 1602//116 1313//116 1314//116 
f 1602//116 1315//116 1316//116 
f 1279//116 1317//116 1594//116 
f 1294//116 1291//116 1584//116 
f 1584//116 1318//116 1302//116 
f 1584//116 1319//116 1320//116 
f 1295//116 1304//116 1584//116 
f 1585//116 1321//116 1322//116 
f 1309//116 1307//116 1585//116 
f 1300//116 1287//116 1602//116 
f 1314//116 1311//116 1602//116 
f 1316//116 1323//116 1602//116 
f 1282//116 1280//116 1594//116 
f 1320//116 1318//116 1584//116 
f 1584//116 1324//116 1325//116 
f 1322//116 1306//116 1585//116 
f 1298//116 1296//116 1585//116 
f 1323//116 1313//116 1602//116 
f 1303//116 1301//116 1584//116 
f 1305//116 1324//116 1584//116 
f 1312//116 1310//116 1602//116 
f 1325//116 1319//116 1584//116 
f 1602//116 1326//116 1315//116 
f 1308//116 1321//116 1585//116 
f 1610//116 1327//116 1326//116 
f 1601//116 1328//116 1327//116 
f 1601//116 1594//116 1329//116 
f 1327//116 1610//116 1601//116 
f 1329//116 1330//116 1601//116 
f 1330//116 1328//116 1601//116 
f 1652//116 1643//116 1331//116 
f 1652//116 1332//116 1333//116 
f 1643//116 1334//116 1331//116 
f 1335//116 1336//116 1337//116 
f 1335//116 1338//116 1339//116 
f 1333//116 1340//116 1652//116 
f 1643//116 1341//116 1334//116 
f 1339//116 1336//116 1335//116 
f 1652//116 1342//116 1343//116 
f 1340//116 1344//116 1652//116 
f 1331//116 1345//116 1652//116 
f 1643//116 1346//116 1347//116 
f 1643//116 1348//116 1349//116 
f 1337//116 1350//116 1335//116 
f 1652//116 1351//116 1352//116 
f 1344//116 1342//116 1652//116 
f 1643//116 1353//116 1341//116 
f 1643//116 1354//116 1346//116 
f 1349//116 1355//116 1643//116 
f 1643//116 1356//116 1357//116 
f 1350//116 1358//116 1335//116 
f 1350//116 1359//116 1360//116 
f 1652//116 1361//116 1351//116 
f 1345//116 1332//116 1652//116 
f 1355//116 1354//116 1643//116 
f 1357//116 1362//116 1643//116 
f 1350//116 1363//116 1358//116 
f 1360//116 1364//116 1350//116 
f 1652//116 1365//116 1366//116 
f 1343//116 1361//116 1652//116 
f 1362//116 1348//116 1643//116 
f 1022//116 1367//116 1368//116 
f 1364//116 1363//116 1350//116 
f 1350//116 1369//116 1370//116 
f 1366//116 1350//116 1652//116 
f 1652//116 1371//116 1372//116 
f 1347//116 1353//116 1643//116 
f 1022//116 1373//116 1374//116 
f 1368//116 1375//116 1022//116 
f 1022//116 1376//116 1377//116 
f 1022//116 1378//116 1379//116 
f 1339//116 1380//116 1381//116 
f 1370//116 1359//116 1350//116 
f 1652//116 1382//116 1365//116 
f 1352//116 1371//116 1652//116 
f 1643//116 1383//116 1384//116 
f 1022//116 1385//116 1373//116 
f 1375//116 1386//116 1022//116 
f 1379//116 1376//116 1022//116 
f 1339//116 1387//116 1380//116 
f 1339//116 1388//116 1389//116 
f 1366//116 1369//116 1350//116 
f 1384//116 1356//116 1643//116 
f 1643//116 1022//116 1390//116 
f 1022//116 1391//116 1392//116 
f 1386//116 1385//116 1022//116 
f 1022//116 1381//116 1378//116 
f 1389//116 1387//116 1339//116 
f 1372//116 1382//116 1652//116 
f 1390//116 1393//116 1643//116 
f 1374//116 1391//116 1022//116 
f 1381//116 1022//116 1339//116 
f 1393//116 1383//116 1643//116 
f 1392//116 1394//116 1022//116 
f 1338//116 1388//116 1339//116 
f 1377//116 1367//116 1022//116 
f 1395//116 1396//116 1397//116 
f 1398//116 1395//116 1399//116 
f 1395//116 1398//116 1396//116 
f 1399//116 1400//116 1398//116 
f 1350//116 1401//116 1402//116 
f 1350//116 1403//116 1404//116 
f 1400//116 1405//116 1398//116 
f 1403//116 1350//116 1406//116 
f 1404//116 1401//116 1350//116 
f 1406//116 1395//116 1403//116 
f 1652//116 1350//116 1407//116 
f 1397//116 1403//116 1395//116 
f 1402//116 1407//116 1350//116 
f 1645//116 1408//116 1409//116 
f 1645//116 1410//116 1408//116 
f 1645//116 1411//116 1412//116 
f 1412//116 1410//116 1645//116 
f 1644//116 1413//116 1411//116 
f 1411//116 1645//116 1644//116 
f 1645//116 1414//116 1415//116 
f 1645//116 1416//116 1417//116 
f 1645//116 1418//116 1414//116 
f 1645//116 1419//116 1416//116 
f 1415//116 1420//116 1645//116 
f 1420//116 1419//116 1645//116 
f 1645//116 1421//116 1422//116 
f 1422//116 1418//116 1645//116 
f 1645//116 1423//116 1424//116 
f 1634//116 1645//116 1425//116 
f 1424//116 1426//116 1645//116 
f 1426//116 1425//116 1645//116 
f 1427//116 1428//116 1429//116 
f 1427//116 1430//116 1428//116 
f 1431//116 1432//116 1433//116 
f 1434//116 1427//116 1435//116 
f 1427//116 1434//116 1430//116 
f 1435//116 1431//116 1434//116 
f 1427//116 1436//116 1437//116 
f 1433//116 1434//116 1431//116 
f 1429//116 1436//116 1427//116 
f 1587//116 892//116 1427//116 
f 1427//116 1438//116 1587//116 
f 1589//116 1439//116 1440//116 
f 1589//116 1441//116 1442//116 
f 1440//116 885//116 1589//116 
f 1589//116 1443//116 1441//116 
f 1442//116 1439//116 1589//116 
f 1589//116 1444//116 1445//116 
f 1589//116 1446//116 1447//116 
f 885//116 1448//116 1449//116 
f 885//116 1450//116 1451//116 
f 1589//116 1452//116 1443//116 
f 1447//116 1444//116 1589//116 
f 885//116 1453//116 1448//116 
f 885//116 1454//116 1455//116 
f 885//116 1456//116 1450//116 
f 1445//116 1452//116 1589//116 
f 1589//116 1457//116 1458//116 
f 885//116 1459//116 1460//116 
f 1455//116 1453//116 885//116 
f 1440//116 1456//116 885//116 
f 1589//116 1461//116 1462//116 
f 1458//116 1463//116 1589//116 
f 1460//116 1464//116 885//116 
f 885//116 1465//116 1466//116 
f 1451//116 1454//116 885//116 
f 1463//116 1461//116 1589//116 
f 1587//116 1467//116 1468//116 
f 1466//116 1459//116 885//116 
f 1462//116 1446//116 1589//116 
f 1587//116 1469//116 1470//116 
f 1587//116 1471//116 1472//116 
f 1587//116 1473//116 1467//116 
f 1449//116 1465//116 885//116 
f 1589//116 1474//116 1475//116 
f 1470//116 1589//116 1587//116 
f 1587//116 1476//116 1471//116 
f 1468//116 1477//116 1587//116 
f 1475//116 1457//116 1589//116 
f 1587//116 1478//116 1469//116 
f 1587//116 1479//116 1480//116 
f 1477//116 1476//116 1587//116 
f 1481//116 1482//116 1483//116 
f 1483//116 1484//116 1485//116 
f 1470//116 1474//116 1589//116 
f 1472//116 1479//116 1587//116 
f 1438//116 1486//116 1487//116 
f 1488//116 1438//116 1481//116 
f 1483//116 1482//116 1484//116 
f 1480//116 1478//116 1587//116 
f 1587//116 1489//116 1490//116 
f 1487//116 1491//116 1438//116 
f 1485//116 1492//116 1483//116 
f 1492//116 1485//116 1464//116 
f 1490//116 1473//116 1587//116 
f 1587//116 1493//116 1494//116 
f 1438//116 1495//116 1486//116 
f 1483//116 1488//116 1481//116 
f 1464//116 1496//116 1497//116 
f 1494//116 1489//116 1587//116 
f 1438//116 1498//116 1499//116 
f 1488//116 1495//116 1438//116 
f 1464//116 1500//116 1496//116 
f 1587//116 1501//116 1493//116 
f 1499//116 1587//116 1438//116 
f 1438//116 1502//116 1503//116 
f 1464//116 1497//116 1492//116 
f 1499//116 1501//116 1587//116 
f 1491//116 1502//116 1438//116 
f 1503//116 1498//116 1438//116 
f 891//116 1504//116 1505//116 
f 1506//116 1507//116 1508//116 
f 1509//116 1510//116 1511//116 
f 1510//116 1509//116 1506//116 
f 1509//116 1512//116 1513//116 
f 1514//116 1515//116 1516//116 
f 891//116 1517//116 1504//116 
f 1507//116 1518//116 1519//116 
f 1508//116 1520//116 1506//116 
f 1506//116 1521//116 1510//116 
f 1509//116 1522//116 1512//116 
f 1523//116 1524//116 1525//116 
f 1526//116 1527//116 1528//116 
f 1514//116 1529//116 1515//116 
f 1586//116 891//116 1530//116 
f 891//116 1531//116 1517//116 
f 891//116 1532//116 1533//116 
f 891//116 1534//116 1535//116 
f 891//116 1536//116 1537//116 
f 1520//116 1521//116 1506//116 
f 1513//116 1523//116 1509//116 
f 1523//116 1513//116 1524//116 
f 1526//116 1525//116 1527//116 
f 1514//116 1528//116 1529//116 
f 1516//116 1538//116 1539//116 
f 951//116 1540//116 1541//116 
f 1586//116 1542//116 1543//116 
f 1586//116 1544//116 1545//116 
f 1586//116 1546//116 1547//116 
f 1530//116 1548//116 1586//116 
f 1505//116 1549//116 891//116 
f 891//116 1550//116 1532//116 
f 1537//116 1534//116 891//116 
f 1519//116 1518//116 1551//116 
f 1511//116 1522//116 1509//116 
f 1528//116 1514//116 1526//116 
f 1539//116 1552//116 1516//116 
f 1516//116 951//116 1553//116 
f 951//116 1554//116 1555//116 
f 951//116 1556//116 1557//116 
f 951//116 1558//116 1540//116 
f 1559//116 1560//116 1561//116 
f 1586//116 1562//116 1559//116 
f 1586//116 1563//116 1564//116 
f 1545//116 1542//116 1586//116 
f 1586//116 1565//116 1546//116 
f 1549//116 1530//116 891//116 
f 1535//116 1550//116 891//116 
f 1519//116 1566//116 1567//116 
f 1519//116 1508//116 1507//116 
f 1516//116 1552//116 1514//116 
f 1516//116 1568//116 1569//116 
f 951//116 1570//116 1553//116 
f 951//116 1571//116 1554//116 
f 951//116 1572//116 1573//116 
f 1541//116 1556//116 951//116 
f 951//116 1561//116 1574//116 
f 1559//116 951//116 1586//116 
f 1564//116 1575//116 1586//116 
f 1586//116 1576//116 1577//116 
f 1547//116 1544//116 1586//116 
f 1533//116 1531//116 891//116 
f 1567//116 891//116 1519//116 
f 1525//116 1526//116 1523//116 
f 1553//116 1568//116 1516//116 
f 1573//116 1571//116 951//116 
f 1574//116 1558//116 951//116 
f 1586//116 1578//116 1562//116 
f 1575//116 1579//116 1586//116 
f 1543//116 1576//116 1586//116 
f 1567//116 1536//116 891//116 
f 1569//116 1538//116 1516//116 
f 1557//116 1572//116 951//116 
f 1579//116 1578//116 1586//116 
f 1548//116 1565//116 1586//116 
f 1555//116 1570//116 951//116 
f 1577//116 1563//116 1586//116 
f 1561//116 951//116 1559//116 
f 1551//116 1566//116 1519//116 
f 1460//116 1500//116 1464//116 
f 1437//116 1438//116 1427//116 
f 1425//116 1580//116 1634//116 
f 1417//116 1423//116 1645//116 
f 1409//116 1421//116 1645//116 
f 1407//116 1088//116 1652//116 
f 1394//116 1390//116 1022//116 
f 1326//116 1602//116 1610//116 
f 1317//116 1329//116 1594//116 
f 1243//116 1642//116 1650//116 
f 1264//116 1269//116 1640//116 
f 1251//116 1640//116 1632//116 
f 1249//116 1254//116 1624//116 
f 1193//116 1152//116 1631//116 
f 1150//116 1622//116 1615//116 
f 1125//116 1100//116 1612//116 
f 1096//116 1134//116 1626//116 
f 1088//116 1087//116 1651//116 
f 1087//116 1086//116 1649//116 
f 1086//116 1085//116 1648//116 
f 1085//116 1084//116 1647//116 
f 1084//116 1083//116 1646//116 
f 1083//116 1413//116 1644//116 
f 1652//116 1651//116 1650//116 
f 1651//116 1649//116 1641//116 
f 1649//116 1648//116 1639//116 
f 1648//116 1647//116 1638//116 
f 1647//116 1646//116 1636//116 
f 1646//116 1644//116 1635//116 
f 1059//116 1076//116 1635//116 
f 1022//116 1643//116 1633//116 
f 1643//116 1650//116 1642//116 
f 1641//116 1639//116 1632//116 
f 1639//116 1638//116 1637//116 
f 1638//116 1636//116 1630//116 
f 1636//116 1635//116 1629//116 
f 1635//116 1634//116 1628//116 
f 1634//116 1580//116 1021//116 
f 1020//116 1633//116 1627//116 
f 1633//116 1642//116 1625//116 
f 1632//116 1637//116 1631//116 
f 1630//116 1629//116 1621//116 
f 1629//116 1628//116 1620//116 
f 1628//116 1021//116 1019//116 
f 1018//116 1627//116 1626//116 
f 1627//116 1625//116 1619//116 
f 1625//116 1624//116 1618//116 
f 1624//116 1623//116 1617//116 
f 1623//116 1631//116 1616//116 
f 1622//116 1621//116 1614//116 
f 1621//116 1620//116 1613//116 
f 1620//116 1019//116 1016//116 
f 1619//116 1618//116 1609//116 
f 1618//116 1617//116 1608//116 
f 1617//116 1616//116 1607//116 
f 1616//116 1615//116 1606//116 
f 969//116 1012//116 1606//116 
f 1614//116 1613//116 1604//116 
f 1613//116 1016//116 957//116 
f 956//116 1612//116 1603//116 
f 1612//116 1611//116 1610//116 
f 1611//116 1609//116 1601//116 
f 1609//116 1608//116 1600//116 
f 114//116 2//116 1600//116 
f 1607//116 1606//116 1598//116 
f 1606//116 1605//116 1597//116 
f 1605//116 1604//116 1596//116 
f 1604//116 957//116 955//116 
f 954//116 1603//116 1595//116 
f 1603//116 1610//116 1602//116 
f 1601//116 1600//116 1593//116 
f 1600//116 1599//116 1592//116 
f 1599//116 1598//116 1591//116 
f 1598//116 1597//116 1590//116 
f 1597//116 1596//116 1588//116 
f 1596//116 955//116 953//116 
f 952//116 1595//116 1586//116 
f 1595//116 1602//116 1585//116 
f 1594//116 1593//116 1583//116 
f 1593//116 1592//116 1582//116 
f 948//116 941//116 1582//116 
f 1591//116 1590//116 1589//116 
f 1590//116 1588//116 1587//116 
f 1588//116 953//116 892//116 
f 1586//116 1585//116 890//116 
f 1585//116 1584//116 889//116 
f 1584//116 1583//116 888//116 
f 1583//116 1582//116 887//116 
f 1582//116 1581//116 886//116 
f 1581//116 1589//116 885//116 
o mesh3
f 1339//117 1022//117 186//117 
f 188//117 186//117 1022//117 
f 1022//117 1020//117 188//117 
f 190//117 188//117 1020//117 
f 1020//117 1018//117 190//117 
f 348//117 190//117 1018//117 
f 1018//117 1017//117 348//117 
f 251//117 348//117 1017//117 
f 1017//117 956//117 251//117 
f 253//117 251//117 956//117 
f 956//117 954//117 253//117 
f 313//117 253//117 954//117 
f 954//117 952//117 313//117 
f 695//117 313//117 952//117 
f 952//117 951//117 695//117 
f 665//117 695//117 951//117 
f 951//117 1516//117 665//117 
f 186//117 593//117 1339//117 
o mesh4
f 1519//118 891//118 640//118 
f 319//118 640//118 891//118 
f 891//118 890//118 319//118 
f 318//118 319//118 890//118 
f 890//118 889//118 318//118 
f 317//118 318//118 889//118 
f 889//118 888//118 317//118 
f 316//118 317//118 888//118 
f 888//118 887//118 316//118 
f 315//118 316//118 887//118 
f 887//118 886//118 315//118 
f 314//118 315//118 886//118 
f 886//118 885//118 314//118 
f 746//118 314//118 885//118 
f 885//118 1464//118 746//118 
f 640//118 643//118 1519//118 
o mesh5
f 797//119 185//119 1580//119 
f 1021//119 1580//119 185//119 
f 185//119 184//119 1021//119 
f 1019//119 1021//119 184//119 
f 184//119 187//119 1019//119 
f 1016//119 1019//119 187//119 
f 187//119 189//119 1016//119 
f 957//119 1016//119 189//119 
f 189//119 191//119 957//119 
f 955//119 957//119 191//119 
f 191//119 250//119 955//119 
f 953//119 955//119 250//119 
f 250//119 252//119 953//119 
f 892//119 953//119 252//119 
f 252//119 254//119 892//119 
f 1427//119 892//119 254//119 
f 254//119 784//119 1427//119 
f 1580//119 1425//119 797//119 
o mesh6
f 574//120 123//120 1088//120 
f 1087//120 1088//120 123//120 
f 123//120 122//120 1087//120 
f 1086//120 1087//120 122//120 
f 122//120 121//120 1086//120 
f 1085//120 1086//120 121//120 
f 121//120 120//120 1085//120 
f 1084//120 1085//120 120//120 
f 120//120 119//120 1084//120 
f 1083//120 1084//120 119//120 
f 119//120 118//120 1083//120 
f 1413//120 1083//120 118//120 
f 118//120 117//120 1413//120 
f 1411//120 1413//120 117//120 
f 117//120 812//120 1411//120 
f 1088//120 1407//120 574//120 
o mesh7
f 776//121 1470//121 1469//121 
f 1469//121 782//121 776//121 
o mesh8
f 1474//122 1470//121 776//121 
f 1475//123 1474//122 768//122 
f 1457//124 1475//123 754//123 
f 1458//125 1457//124 753//124 
f 1463//126 1458//125 729//125 
f 1461//127 1463//126 728//126 
f 1462//128 1461//127 732//127 
f 1446//129 1462//128 734//128 
f 1447//130 1446//129 733//129 
f 1444//131 1447//130 723//130 
f 1445//132 1444//131 722//131 
f 1452//133 1445//132 725//132 
f 1443//134 1452//133 724//133 
f 1441//135 1443//134 726//134 
f 1442//136 1441//135 719//135 
f 1439//137 1442//136 718//136 
f 1440//138 1439//137 720//137 
f 1456//139 1440//138 721//138 
f 1450//140 1456//139 727//139 
f 1451//141 1450//140 735//140 
f 1454//142 1451//141 731//141 
f 1455//143 1454//142 730//142 
f 1453//144 1455//143 739//143 
f 1448//145 1453//144 738//144 
f 1449//146 1448//145 740//145 
f 1465//147 1449//146 737//146 
f 1466//148 1465//147 736//147 
f 1459//149 1466//148 759//148 
f 1460//150 1459//149 758//149 
f 758//149 747//150 1460//150 
f 759//148 758//149 1459//149 
f 736//147 759//148 1466//148 
f 737//146 736//147 1465//147 
f 740//145 737//146 1449//146 
f 738//144 740//145 1448//145 
f 739//143 738//144 1453//144 
f 730//142 739//143 1455//143 
f 731//141 730//142 1454//142 
f 735//140 731//141 1451//141 
f 727//139 735//140 1450//140 
f 721//138 727//139 1456//139 
f 720//137 721//138 1440//138 
f 718//136 720//137 1439//137 
f 719//135 718//136 1442//136 
f 726//134 719//135 1441//135 
f 724//133 726//134 1443//134 
f 725//132 724//133 1452//133 
f 722//131 725//132 1445//132 
f 723//130 722//131 1444//131 
f 733//129 723//130 1447//130 
f 734//128 733//129 1446//129 
f 732//127 734//128 1462//128 
f 728//126 732//127 1461//127 
f 729//125 728//126 1463//126 
f 753//124 729//125 1458//125 
f 754//123 753//124 1457//124 
f 768//122 754//123 1475//123 
f 776//121 768//122 1474//122 
o mesh9
f 755//150 1500//150 1460//150 
f 1460//150 747//150 755//150 
o mesh10
f 1496//151 1500//150 755//150 
f 1497//152 1496//151 760//151 
f 1492//153 1497//152 756//152 
f 1483//154 1492//153 742//153 
f 1488//155 1483//154 741//154 
f 1495//156 1488//155 745//155 
f 1486//157 1495//156 761//156 
f 1487//158 1486//157 762//157 
f 1491//159 1487//158 752//158 
f 1502//160 1491//159 751//159 
f 1503//161 1502//160 757//160 
f 1498//162 1503//161 772//161 
f 1499//163 1498//162 771//162 
f 1501//164 1499//163 773//163 
f 1493//165 1501//164 777//164 
f 1494//166 1493//165 783//165 
f 1489//167 1494//166 779//166 
f 1490//168 1489//167 778//167 
f 1473//169 1490//168 781//168 
f 1467//170 1473//169 780//169 
f 1468//171 1467//170 765//170 
f 1477//172 1468//171 764//171 
f 1476//173 1477//172 763//172 
f 1471//174 1476//173 769//173 
f 1472//175 1471//174 770//174 
f 1479//176 1472//175 767//175 
f 1480//177 1479//176 766//176 
f 1478//178 1480//177 775//177 
f 1469//179 1478//178 774//178 
f 774//178 782//179 1469//179 
f 775//177 774//178 1478//178 
f 766//176 775//177 1480//177 
f 767//175 766//176 1479//176 
f 770//174 767//175 1472//175 
f 769//173 770//174 1471//174 
f 763//172 769//173 1476//173 
f 764//171 763//172 1477//172 
f 765//170 764//171 1468//171 
f 780//169 765//170 1467//170 
f 781//168 780//169 1473//169 
f 778//167 781//168 1490//168 
f 779//166 778//167 1489//167 
f 783//165 779//166 1494//166 
f 777//164 783//165 1493//165 
f 773//163 777//164 1501//164 
f 771//162 773//163 1499//163 
f 772//161 771//162 1498//162 
f 757//160 772//161 1503//161 
f 751//159 757//160 1502//160 
f 752//158 751//159 1491//159 
f 762//157 752//158 1487//158 
f 761//156 762//157 1486//157 
f 745//155 761//156 1495//156 
f 741//154 745//155 1488//155 
f 742//153 741//154 1483//154 
f 756//152 742//153 1492//153 
f 760//151 756//152 1497//152 
f 755//150 760//151 1496//151 
o mesh11
f 1369//180 1366//179 638//179 
f 1370//181 1369//180 635//180 
f 1359//182 1370//181 626//181 
f 1360//183 1359//182 625//182 
f 1364//184 1360//183 620//183 
f 1363//185 1364//184 619//184 
f 1358//186 1363//185 627//185 
f 1335//187 1358//186 628//186 
f 1338//188 1335//187 591//187 
f 1388//189 1338//188 611//188 
f 1389//190 1388//189 610//189 
f 1387//191 1389//190 613//190 
f 1380//192 1387//191 612//191 
f 1381//193 1380//192 614//192 
f 1378//194 1381//193 604//193 
f 1379//195 1378//194 629//194 
f 1376//196 1379//195 631//195 
f 1377//197 1376//196 630//196 
f 1367//198 1377//197 637//197 
f 1368//199 1367//198 636//198 
f 1375//200 1368//199 596//199 
f 1386//201 1375//200 595//200 
f 1385//202 1386//201 605//201 
f 1373//203 1385//202 615//202 
f 1374//204 1373//203 616//203 
f 1391//205 1374//204 607//204 
f 1392//206 1391//205 606//205 
f 1394//207 1392//206 622//206 
f 1390//208 1394//207 621//207 
f 621//207 618//208 1390//208 
f 622//206 621//207 1394//207 
f 606//205 622//206 1392//206 
f 607//204 606//205 1391//205 
f 616//203 607//204 1374//204 
f 615//202 616//203 1373//203 
f 605//201 615//202 1385//202 
f 595//200 605//201 1386//201 
f 596//199 595//200 1375//200 
f 636//198 596//199 1368//199 
f 637//197 636//198 1367//198 
f 630//196 637//197 1377//197 
f 631//195 630//196 1376//196 
f 629//194 631//195 1379//195 
f 604//193 629//194 1378//194 
f 614//192 604//193 1381//193 
f 612//191 614//192 1380//192 
f 613//190 612//191 1387//191 
f 610//189 613//190 1389//190 
f 611//188 610//189 1388//189 
f 591//187 611//188 1338//188 
f 628//186 591//187 1335//187 
f 627//185 628//186 1358//186 
f 619//184 627//185 1363//185 
f 620//183 619//184 1364//184 
f 625//182 620//183 1360//183 
f 626//181 625//182 1359//182 
f 635//180 626//181 1370//181 
f 638//179 635//180 1369//180 
o mesh12
f 617//208 1393//208 1390//208 
f 1390//208 618//208 617//208 
o mesh13
f 1383//209 1393//208 617//208 
f 1384//210 1383//209 632//209 
f 1356//211 1384//210 624//210 
f 1357//212 1356//211 623//211 
f 1362//213 1357//212 598//212 
f 1348//214 1362//213 597//213 
f 1349//215 1348//214 608//214 
f 1355//216 1349//215 584//215 
f 1354//217 1355//216 583//216 
f 1346//218 1354//217 599//217 
f 1347//219 1346//218 600//218 
f 1353//220 1347//219 586//219 
f 1341//221 1353//220 585//220 
f 1334//222 1341//221 587//221 
f 1331//223 1334//222 578//222 
f 1345//224 1331//223 577//223 
f 1332//225 1345//224 579//224 
f 1333//226 1332//225 601//225 
f 1340//227 1333//226 581//226 
f 1344//228 1340//227 580//227 
f 1342//229 1344//228 582//228 
f 1343//230 1342//229 588//229 
f 1361//231 1343//230 590//230 
f 1351//232 1361//231 589//231 
f 1352//233 1351//232 609//232 
f 1371//234 1352//233 603//233 
f 1372//235 1371//234 602//234 
f 1382//236 1372//235 634//235 
f 1365//237 1382//236 633//236 
f 633//236 639//237 1365//237 
f 634//235 633//236 1382//236 
f 602//234 634//235 1372//235 
f 603//233 602//234 1371//234 
f 609//232 603//233 1352//233 
f 589//231 609//232 1351//232 
f 590//230 589//231 1361//231 
f 588//229 590//230 1343//230 
f 582//228 588//229 1342//229 
f 580//227 582//228 1344//228 
f 581//226 580//227 1340//227 
f 601//225 581//226 1333//226 
f 579//224 601//225 1332//225 
f 577//223 579//224 1345//224 
f 578//222 577//223 1331//223 
f 587//221 578//222 1334//222 
f 585//220 587//221 1341//221 
f 586//219 585//220 1353//220 
f 600//218 586//219 1347//219 
f 599//217 600//218 1346//218 
f 583//216 599//217 1354//217 
f 584//215 583//216 1355//216 
f 608//214 584//215 1349//215 
f 597//213 608//214 1348//214 
f 598//212 597//213 1362//213 
f 623//211 598//212 1357//212 
f 624//210 623//211 1356//211 
f 632//209 624//210 1384//210 
f 617//208 632//209 1383//209 
o mesh14
f 638//237 1366//237 1365//237 
f 1365//237 639//237 638//237 
o mesh15
f 644//238 1567//238 1566//238 
f 1566//238 652//238 644//238 
o mesh16
f 1536//239 1567//240 644//240 
f 1537//241 1536//239 666//242 
f 1534//243 1537//241 646//244 
f 1535//245 1534//243 645//246 
f 1550//247 1535//245 648//248 
f 1532//249 1550//247 647//250 
f 1533//251 1532//249 653//252 
f 1531//253 1533//251 650//254 
f 1517//255 1531//253 649//256 
f 1504//257 1517//255 654//258 
f 1505//259 1504//257 651//260 
f 1549//261 1505//259 642//262 
f 1530//263 1549//261 641//264 
f 1548//265 1530//263 656//266 
f 1565//267 1548//265 655//268 
f 1546//269 1565//267 667//270 
f 1547//271 1546//269 668//272 
f 1544//273 1547//271 658//274 
f 1545//275 1544//273 657//276 
f 1542//277 1545//275 660//278 
f 1543//279 1542//277 659//280 
f 1576//281 1543//279 662//282 
f 1577//283 1576//281 661//284 
f 1563//285 1577//283 686//286 
f 1564//287 1563//285 685//288 
f 1575//289 1564//287 670//290 
f 1579//291 1575//289 669//292 
f 1578//293 1579//291 687//294 
f 1562//295 1578//293 694//296 
f 1559//297 1562//295 699//298 
f 1560//299 1559//297 715//300 
f 715//300 717//299 1560//299 
f 699//298 715//300 1559//297 
f 694//296 699//298 1562//295 
f 687//294 694//296 1578//293 
f 669//292 687//294 1579//291 
f 670//290 669//292 1575//289 
f 685//288 670//290 1564//287 
f 686//286 685//288 1563//285 
f 661//284 686//286 1577//283 
f 662//282 661//284 1576//281 
f 659//280 662//282 1543//279 
f 660//278 659//280 1542//277 
f 657//276 660//278 1545//275 
f 658//274 657//276 1544//273 
f 668//272 658//274 1547//271 
f 667//270 668//272 1546//269 
f 655//268 667//270 1565//267 
f 656//266 655//268 1548//265 
f 641//264 656//266 1530//263 
f 642//262 641//264 1549//261 
f 651//260 642//262 1505//259 
f 654//258 651//260 1504//257 
f 649//256 654//258 1517//255 
f 650//254 649//256 1531//253 
f 653//252 650//254 1533//251 
f 647//250 653//252 1532//249 
f 648//248 647//250 1550//247 
f 645//246 648//248 1535//245 
f 646//244 645//246 1534//243 
f 666//242 646//244 1537//241 
f 644//240 666//242 1536//239 
o mesh17
f 716//301 1561//301 1560//301 
f 1560//301 717//301 716//301 
o mesh18
f 1574//302 1561//303 716//303 
f 1558//304 1574//302 708//305 
f 1540//306 1558//304 707//307 
f 1541//308 1540//306 700//309 
f 1556//310 1541//308 697//311 
f 1557//312 1556//310 696//313 
f 1572//314 1557//312 702//315 
f 1573//316 1572//314 701//317 
f 1571//318 1573//316 710//319 
f 1554//320 1571//318 709//321 
f 1555//322 1554//320 711//323 
f 1570//324 1555//322 704//325 
f 1553//326 1570//324 703//327 
f 1568//328 1553//326 706//329 
f 1569//330 1568//328 705//331 
f 1538//332 1569//330 713//333 
f 1539//334 1538//332 712//335 
f 1552//336 1539//334 688//337 
f 1514//338 1552//336 664//339 
f 1526//340 1514//338 663//341 
f 1523//342 1526//340 672//343 
f 1509//344 1523//342 674//345 
f 1506//346 1509//344 676//347 
f 1507//348 1506//346 680//349 
f 1518//350 1507//348 693//351 
f 1551//352 1518//350 698//353 
f 1566//354 1551//352 714//355 
f 714//355 652//354 1566//354 
f 698//353 714//355 1551//352 
f 693//351 698//353 1518//350 
f 680//349 693//351 1507//348 
f 676//347 680//349 1506//346 
f 674//345 676//347 1509//344 
f 672//343 674//345 1523//342 
f 663//341 672//343 1526//340 
f 664//339 663//341 1514//338 
f 688//337 664//339 1552//336 
f 712//335 688//337 1539//334 
f 713//333 712//335 1538//332 
f 705//331 713//333 1569//330 
f 706//329 705//331 1568//328 
f 703//327 706//329 1553//326 
f 704//325 703//327 1570//324 
f 711//323 704//325 1555//322 
f 709//321 711//323 1554//320 
f 710//319 709//321 1571//318 
f 701//317 710//319 1573//316 
f 702//315 701//317 1572//314 
f 696//313 702//315 1557//312 
f 697//311 696//313 1556//310 
f 700//309 697//311 1541//308 
f 707//307 700//309 1540//306 
f 708//305 707//307 1558//304 
f 716//303 708//305 1574//302 
o mesh19
f 1050//356 1053//357 176//357 
f 1051//358 1050//356 151//359 
f 1041//360 1051//358 148//361 
f 1042//362 1041//360 147//363 
f 1045//364 1042//362 135//365 
f 1043//366 1045//364 134//367 
f 1044//368 1043//366 138//369 
f 1030//370 1044//368 140//371 
f 1031//372 1030//370 139//373 
f 1028//374 1031//372 129//375 
f 1029//376 1028//374 128//377 
f 1036//378 1029//376 131//379 
f 1025//380 1036//378 130//381 
f 1023//382 1025//380 125//383 
f 1024//384 1023//382 124//385 
f 1026//386 1024//384 126//387 
f 1027//388 1026//386 127//389 
f 1040//390 1027//388 133//391 
f 1034//392 1040//390 132//393 
f 1035//394 1034//392 141//395 
f 1038//396 1035//394 137//397 
f 1039//398 1038//396 136//399 
f 1037//400 1039//398 145//401 
f 1032//402 1037//400 144//403 
f 1033//404 1032//402 146//405 
f 1046//406 1033//404 143//407 
f 1047//408 1046//406 142//409 
f 1059//410 1047//408 158//411 
f 1076//412 1059//410 157//413 
f 157//413 153//412 1076//412 
f 158//411 157//413 1059//410 
f 142//409 158//411 1047//408 
f 143//407 142//409 1046//406 
f 146//405 143//407 1033//404 
f 144//403 146//405 1032//402 
f 145//401 144//403 1037//400 
f 136//399 145//401 1039//398 
f 137//397 136//399 1038//396 
f 141//395 137//397 1035//394 
f 132//393 141//395 1034//392 
f 133//391 132//393 1040//390 
f 127//389 133//391 1027//388 
f 126//387 127//389 1026//386 
f 124//385 126//387 1024//384 
f 125//383 124//385 1023//382 
f 130//381 125//383 1025//380 
f 131//379 130//381 1036//378 
f 128//377 131//379 1029//376 
f 129//375 128//377 1028//374 
f 139//373 129//375 1031//372 
f 140//371 139//373 1030//370 
f 138//369 140//371 1044//368 
f 134//367 138//369 1043//366 
f 135//365 134//367 1045//364 
f 147//363 135//365 1042//362 
f 148//361 147//363 1041//360 
f 151//359 148//361 1051//358 
f 176//357 151//359 1050//356 
o mesh20
f 152//412 1077//412 1076//412 
f 1076//412 153//412 152//412 
o mesh21
f 1074//414 1077//415 152//415 
f 1075//416 1074//414 163//417 
f 1066//418 1075//416 165//419 
f 1067//420 1066//418 164//421 
f 1073//422 1067//420 155//423 
f 1072//424 1073//422 154//425 
f 1063//426 1072//424 159//427 
f 1064//428 1063//426 160//429 
f 1065//430 1064//428 150//431 
f 1081//432 1065//430 149//433 
f 1082//434 1081//432 156//435 
f 1079//436 1082//434 172//437 
f 1080//438 1079//436 171//439 
f 1078//440 1080//438 178//441 
f 1070//442 1078//440 177//443 
f 1071//444 1070//442 183//445 
f 1068//446 1071//444 173//447 
f 1069//448 1068//446 179//449 
f 1056//450 1069//448 181//451 
f 1048//452 1056//450 180//453 
f 1049//454 1048//452 166//455 
f 1058//456 1049//454 162//457 
f 1057//458 1058//456 161//459 
f 1054//460 1057//458 169//461 
f 1055//462 1054//460 170//463 
f 1061//464 1055//462 168//465 
f 1062//466 1061//464 167//467 
f 1060//468 1062//466 175//469 
f 1052//470 1060//468 174//471 
f 174//471 182//470 1052//470 
f 175//469 174//471 1060//468 
f 167//467 175//469 1062//466 
f 168//465 167//467 1061//464 
f 170//463 168//465 1055//462 
f 169//461 170//463 1054//460 
f 161//459 169//461 1057//458 
f 162//457 161//459 1058//456 
f 166//455 162//457 1049//454 
f 180//453 166//455 1048//452 
f 181//451 180//453 1056//450 
f 179//449 181//451 1069//448 
f 173//447 179//449 1068//446 
f 183//445 173//447 1071//444 
f 177//443 183//445 1070//442 
f 178//441 177//443 1078//440 
f 171//439 178//441 1080//438 
f 172//437 171//439 1079//436 
f 156//435 172//437 1082//434 
f 149//433 156//435 1081//432 
f 150//431 149//433 1065//430 
f 160//429 150//431 1064//428 
f 159//427 160//429 1063//426 
f 154//425 159//427 1072//424 
f 155//423 154//425 1073//422 
f 164//421 155//423 1067//420 
f 165//419 164//421 1066//418 
f 163//417 165//419 1075//416 
f 152//415 163//417 1074//414 
o mesh22
f 176//470 1053//470 1052//470 
f 1052//470 182//470 176//470 
o mesh23
f 1339//472 593//472 592//473 
f 1336//473 592//473 594//474 
f 1406//475 1350//476 571//476 
f 594//474 571//476 1350//476 
f 1350//476 1337//477 594//474 
f 1406//475 570//478 563//479 
f 1395//479 563//479 576//480 
f 1399//480 576//480 568//481 
f 1400//481 568//481 565//482 
f 1405//482 565//482 564//483 
f 1398//483 564//483 569//484 
f 1396//484 569//484 567//485 
f 1397//485 567//485 566//486 
f 1403//486 566//486 573//487 
f 1404//487 573//487 572//488 
f 1401//488 572//488 575//489 
f 1402//489 575//489 574//490 
f 574//490 1407//490 1402//489 
f 575//489 1402//489 1401//488 
f 572//488 1401//488 1404//487 
f 573//487 1404//487 1403//486 
f 566//486 1403//486 1397//485 
f 567//485 1397//485 1396//484 
f 569//484 1396//484 1398//483 
f 564//483 1398//483 1405//482 
f 565//482 1405//482 1400//481 
f 568//481 1400//481 1399//480 
f 576//480 1399//480 1395//479 
f 563//479 1395//479 1406//475 
f 571//476 570//478 1406//475 
f 594//474 1337//477 1336//473 
f 592//473 1336//473 1339//472 
o mesh24
f 665//491 1516//491 1515//492 
f 671//492 1515//492 1529//493 
f 689//493 1529//493 1528//494 
f 673//494 1528//494 1527//495 
f 690//495 1527//495 1525//496 
f 675//496 1525//496 1524//497 
f 691//497 1524//497 1513//498 
f 677//498 1513//498 1512//499 
f 692//499 1512//499 1522//500 
f 681//500 1522//500 1511//501 
f 682//501 1511//501 1510//502 
f 678//502 1510//502 1521//503 
f 679//503 1521//503 1520//504 
f 683//504 1520//504 1508//505 
f 684//505 1508//505 1519//506 
f 1519//506 643//506 684//505 
f 1508//505 684//505 683//504 
f 1520//504 683//504 679//503 
f 1521//503 679//503 678//502 
f 1510//502 678//502 682//501 
f 1511//501 682//501 681//500 
f 1522//500 681//500 692//499 
f 1512//499 692//499 677//498 
f 1513//498 677//498 691//497 
f 1524//497 691//497 675//496 
f 1525//496 675//496 690//495 
f 1527//495 690//495 673//494 
f 1528//494 673//494 689//493 
f 1529//493 689//493 671//492 
f 1515//492 671//492 665//491 
o mesh25
f 797//507 1425//507 1426//508 
f 795//508 1426//508 1424//509 
f 802//510 801//511 1423//511 
f 1424//509 1423//511 801//511 
f 801//511 796//512 1424//509 
f 802//510 1417//513 1416//514 
f 804//514 1416//514 1419//515 
f 803//515 1419//515 1420//516 
f 800//516 1420//516 1415//517 
f 798//517 1415//517 1414//518 
f 799//518 1414//518 1418//519 
f 805//519 1418//519 1422//520 
f 808//521 807//522 1421//522 
f 1422//520 1421//522 807//522 
f 807//522 806//523 1422//520 
f 808//521 1409//524 1408//525 
f 811//525 1408//525 1410//526 
f 809//526 1410//526 1412//527 
f 810//527 1412//527 1411//528 
f 1411//528 812//528 810//527 
f 1412//527 810//527 809//526 
f 1410//526 809//526 811//525 
f 1408//525 811//525 808//521 
f 1421//522 1409//524 808//521 
f 1422//520 806//523 805//519 
f 1418//519 805//519 799//518 
f 1414//518 799//518 798//517 
f 1415//517 798//517 800//516 
f 1420//516 800//516 803//515 
f 1419//515 803//515 804//514 
f 1416//514 804//514 802//510 
f 1423//511 1417//513 802//510 
f 1424//509 796//512 795//508 
f 1426//508 795//508 797//507 
o mesh26
f 1427//529 784//529 789//530 
f 1435//530 789//530 788//531 
f 1431//531 788//531 792//532 
f 1432//532 792//532 790//533 
f 1433//533 790//533 787//534 
f 1434//534 787//534 793//535 
f 1430//535 793//535 786//536 
f 1428//536 786//536 785//537 
f 1429//537 785//537 791//538 
f 1436//538 791//538 794//539 
f 1481//540 1438//541 750//541 
f 794//539 750//541 1438//541 
f 1438//541 1437//542 794//539 
f 1481//540 744//543 749//544 
f 1482//544 749//544 748//545 
f 1484//545 748//545 743//546 
f 1485//546 743//546 746//547 
f 746//547 1464//547 1485//546 
f 743//546 1485//546 1484//545 
f 748//545 1484//545 1482//544 
f 749//544 1482//544 1481//540 
f 750//541 744//543 1481//540 
f 794//539 1437//542 1436//538 
f 791//538 1436//538 1429//537 
f 785//537 1429//537 1428//536 
f 786//536 1428//536 1430//535 
f 793//535 1430//535 1434//534 
f 787//534 1434//534 1433//533 
f 790//533 1433//533 1432//532 
f 792//532 1432//532 1431//531 
f 788//531 1431//531 1435//530 
f 789//530 1435//530 1427//529 
o mesh27
f 334//548 329//549 1110//549 
f 335//550 334//548 1109//551 
f 342//552 335//550 1112//553 
f 343//554 342//552 1111//555 
f 340//556 343//554 1114//557 
f 341//558 340//556 1113//559 
f 333//560 341//558 1116//561 
f 327//562 333//560 1115//563 
f 322//564 327//562 1105//565 
f 320//566 322//564 1094//567 
f 321//568 320//566 1093//569 
f 325//570 321//568 1095//571 
f 326//572 325//570 1106//573 
f 365//574 364//575 1100//575 
f 1101//576 1100//575 364//575 
f 364//575 326//572 1101//576 
f 363//577 365//574 1125//578 
f 356//579 363//577 1124//580 
f 354//581 356//579 1136//582 
f 351//583 354//581 1137//584 
f 352//585 351//583 1126//586 
f 374//587 352//585 1121//588 
f 361//589 374//587 1146//590 
f 362//591 361//589 1144//592 
f 379//593 362//591 1139//594 
f 377//595 379//593 1138//596 
f 378//597 377//595 1147//598 
f 372//599 378//597 1128//600 
f 373//601 372//599 1127//602 
f 370//603 373//601 1129//604 
f 371//605 370//603 1122//606 
f 1122//606 1119//605 371//605 
f 1129//604 1122//606 370//603 
f 1127//602 1129//604 373//601 
f 1128//600 1127//602 372//599 
f 1147//598 1128//600 378//597 
f 1138//596 1147//598 377//595 
f 1139//594 1138//596 379//593 
f 1144//592 1139//594 362//591 
f 1146//590 1144//592 361//589 
f 1121//588 1146//590 374//587 
f 1126//586 1121//588 352//585 
f 1137//584 1126//586 351//583 
f 1136//582 1137//584 354//581 
f 1124//580 1136//582 356//579 
f 1125//578 1124//580 363//577 
f 1100//575 1125//578 365//574 
f 1106//573 1101//576 326//572 
f 1095//571 1106//573 325//570 
f 1093//569 1095//571 321//568 
f 1094//567 1093//569 320//566 
f 1105//565 1094//567 322//564 
f 1115//563 1105//565 327//562 
f 1116//561 1115//563 333//560 
f 1113//559 1116//561 341//558 
f 1114//557 1113//559 340//556 
f 1111//555 1114//557 343//554 
f 1112//553 1111//555 342//552 
f 1109//551 1112//553 335//550 
f 1110//549 1109//551 334//548 
o mesh28
f 369//607 371//608 1119//608 
f 376//609 369//607 1118//610 
f 380//611 376//609 1130//612 
f 367//613 380//611 1140//614 
f 368//615 367//613 1148//616 
f 375//617 368//615 1142//618 
f 355//619 375//617 1141//620 
f 353//621 355//619 1145//622 
f 349//623 353//621 1123//624 
f 350//625 349//623 1120//626 
f 359//627 350//625 1117//628 
f 360//629 359//627 1131//630 
f 366//631 360//629 1133//632 
f 357//633 366//631 1132//634 
f 358//635 357//633 1143//636 
f 323//637 339//638 1134//638 
f 1135//639 1134//638 339//638 
f 339//638 358//635 1135//639 
f 324//640 323//637 1096//641 
f 331//642 324//640 1089//643 
f 332//644 331//642 1090//645 
f 338//646 332//644 1092//647 
f 336//648 338//646 1091//649 
f 337//650 336//648 1097//651 
f 346//652 337//650 1099//653 
f 347//654 346//652 1098//655 
f 344//656 347//654 1102//657 
f 345//658 344//656 1107//659 
f 330//660 345//658 1104//661 
f 328//662 330//660 1103//663 
f 329//664 328//662 1108//665 
f 1108//665 1110//664 329//664 
f 1103//663 1108//665 328//662 
f 1104//661 1103//663 330//660 
f 1107//659 1104//661 345//658 
f 1102//657 1107//659 344//656 
f 1098//655 1102//657 347//654 
f 1099//653 1098//655 346//652 
f 1097//651 1099//653 337//650 
f 1091//649 1097//651 336//648 
f 1092//647 1091//649 338//646 
f 1090//645 1092//647 332//644 
f 1089//643 1090//645 331//642 
f 1096//641 1089//643 324//640 
f 1134//638 1096//641 323//637 
f 1143//636 1135//639 358//635 
f 1132//634 1143//636 357//633 
f 1133//632 1132//634 366//631 
f 1131//630 1133//632 360//629 
f 1117//628 1131//630 359//627 
f 1120//626 1117//628 350//625 
f 1123//624 1120//626 349//623 
f 1145//622 1123//624 353//621 
f 1141//620 1145//622 355//619 
f 1142//618 1141//620 375//617 
f 1148//616 1142//618 368//615 
f 1140//614 1148//616 367//613 
f 1130//612 1140//614 380//611 
f 1118//610 1130//612 376//609 
f 1119//608 1118//610 369//607 
o mesh29
f 559//666 562//667 1328//667 
f 545//668 558//669 1329//669 
f 1330//670 1329//669 558//669 
f 558//669 559//666 1330//670 
f 546//671 545//668 1317//672 
f 554//673 546//671 1279//674 
f 553//675 554//673 1278//676 
f 543//677 553//675 1289//678 
f 544//679 543//677 1290//680 
f 532//681 544//679 1281//682 
f 513//683 532//681 1280//684 
f 514//685 513//683 1282//686 
f 512//687 514//685 1274//688 
f 507//689 512//687 1273//690 
f 508//691 507//689 1275//692 
f 530//693 508//691 1272//694 
f 531//695 530//693 1271//696 
f 542//697 531//695 1283//698 
f 540//699 542//697 1292//700 
f 541//701 540//699 1291//702 
f 552//703 541//701 1294//704 
f 538//705 552//703 1293//706 
f 539//707 538//705 1301//708 
f 551//709 539//707 1303//710 
f 549//711 551//709 1302//712 
f 550//713 549//711 1318//714 
f 555//715 550//713 1320//716 
f 556//717 555//715 1319//718 
f 536//719 556//717 1325//720 
f 537//721 536//719 1324//722 
f 528//723 537//721 1305//724 
f 529//725 528//723 1304//726 
f 547//727 529//725 1295//728 
f 548//729 547//727 1306//730 
f 534//731 548//729 1322//732 
f 535//733 534//731 1321//734 
f 533//735 535//733 1308//736 
f 526//737 533//735 1307//738 
f 527//739 526//737 1309//740 
f 525//741 527//739 1297//742 
f 522//743 525//741 1296//744 
f 523//745 522//743 1298//746 
f 511//747 523//745 1285//748 
f 505//749 511//747 1284//750 
f 506//751 505//749 1277//752 
f 503//753 506//751 1276//754 
f 504//755 503//753 1286//756 
f 509//757 504//755 1288//758 
f 510//759 509//757 1287//760 
f 521//761 510//759 1300//762 
f 519//763 521//761 1299//764 
f 520//765 519//763 1310//766 
f 517//767 520//765 1312//768 
f 518//769 517//767 1311//770 
f 524//771 518//769 1314//772 
f 515//773 524//771 1313//774 
f 516//775 515//773 1323//776 
f 557//777 516//775 1316//778 
f 560//779 561//780 1326//780 
f 1315//781 1326//780 561//780 
f 561//780 557//777 1315//781 
f 562//667 560//779 1327//782 
f 1327//782 1328//667 562//667 
f 1326//780 1327//782 560//779 
f 1316//778 1315//781 557//777 
f 1323//776 1316//778 516//775 
f 1313//774 1323//776 515//773 
f 1314//772 1313//774 524//771 
f 1311//770 1314//772 518//769 
f 1312//768 1311//770 517//767 
f 1310//766 1312//768 520//765 
f 1299//764 1310//766 519//763 
f 1300//762 1299//764 521//761 
f 1287//760 1300//762 510//759 
f 1288//758 1287//760 509//757 
f 1286//756 1288//758 504//755 
f 1276//754 1286//756 503//753 
f 1277//752 1276//754 506//751 
f 1284//750 1277//752 505//749 
f 1285//748 1284//750 511//747 
f 1298//746 1285//748 523//745 
f 1296//744 1298//746 522//743 
f 1297//742 1296//744 525//741 
f 1309//740 1297//742 527//739 
f 1307//738 1309//740 526//737 
f 1308//736 1307//738 533//735 
f 1321//734 1308//736 535//733 
f 1322//732 1321//734 534//731 
f 1306//730 1322//732 548//729 
f 1295//728 1306//730 547//727 
f 1304//726 1295//728 529//725 
f 1305//724 1304//726 528//723 
f 1324//722 1305//724 537//721 
f 1325//720 1324//722 536//719 
f 1319//718 1325//720 556//717 
f 1320//716 1319//718 555//715 
f 1318//714 1320//716 550//713 
f 1302//712 1318//714 549//711 
f 1303//710 1302//712 551//709 
f 1301//708 1303//710 539//707 
f 1293//706 1301//708 538//705 
f 1294//704 1293//706 552//703 
f 1291//702 1294//704 541//701 
f 1292//700 1291//702 540//699 
f 1283//698 1292//700 542//697 
f 1271//696 1283//698 531//695 
f 1272//694 1271//696 530//693 
f 1275//692 1272//694 508//691 
f 1273//690 1275//692 507//689 
f 1274//688 1273//690 512//687 
f 1282//686 1274//688 514//685 
f 1280//684 1282//686 513//683 
f 1281//682 1280//684 532//681 
f 1290//680 1281//682 544//679 
f 1289//678 1290//680 543//677 
f 1278//676 1289//678 553//675 
f 1279//674 1278//676 554//673 
f 1317//672 1279//674 546//671 
f 1329//669 1317//672 545//668 
f 1328//667 1330//670 559//666 
o mesh30
f 499//783 502//784 1268//784 
f 451//785 450//786 1269//786 
f 1270//787 1269//786 450//786 
f 450//786 499//783 1270//787 
f 449//788 451//785 1264//789 
f 445//790 449//788 1263//791 
f 441//792 445//790 1265//793 
f 442//794 441//792 1258//795 
f 443//796 442//794 1257//797 
f 444//798 443//796 1256//799 
f 446//800 444//798 1260//801 
f 447//802 446//800 1259//803 
f 448//804 447//802 1262//805 
f 452//806 448//804 1261//807 
f 458//808 453//809 1251//809 
f 1266//810 1251//809 453//809 
f 453//809 452//806 1266//810 
f 456//811 458//808 1250//812 
f 457//813 456//811 1252//814 
f 454//815 457//813 1253//816 
f 498//817 455//818 1254//818 
f 1255//819 1254//818 455//818 
f 455//818 454//815 1255//819 
f 491//820 498//817 1249//821 
f 492//822 491//820 1245//823 
f 474//824 492//822 1234//825 
f 475//826 474//824 1233//827 
f 485//828 475//826 1210//829 
f 472//830 485//828 1209//831 
f 473//832 472//830 1216//833 
f 471//834 473//832 1218//835 
f 464//836 471//834 1217//837 
f 459//838 464//836 1224//839 
f 460//840 459//838 1219//841 
f 484//842 460//840 1212//843 
f 490//844 484//842 1211//845 
f 496//846 490//844 1225//847 
f 497//848 496//846 1235//849 
f 494//850 497//848 1247//851 
f 495//852 494//850 1246//853 
f 493//854 495//852 1237//855 
f 488//856 493//854 1236//857 
f 489//858 488//856 1238//859 
f 487//860 489//858 1227//861 
f 482//862 487//860 1226//863 
f 483//864 482//862 1228//865 
f 469//866 483//864 1221//867 
f 470//868 469//866 1220//869 
f 463//870 470//868 1214//871 
f 461//872 463//870 1213//873 
f 462//874 461//872 1215//875 
f 467//876 462//874 1223//877 
f 468//878 467//876 1222//879 
f 481//880 468//878 1230//881 
f 479//882 481//880 1229//883 
f 480//884 479//882 1239//885 
f 486//886 480//884 1232//887 
f 477//888 486//886 1231//889 
f 478//890 477//888 1240//891 
f 476//892 478//890 1242//893 
f 465//894 476//892 1241//895 
f 466//896 465//894 1248//897 
f 500//898 501//899 1243//899 
f 1244//900 1243//899 501//899 
f 501//899 466//896 1244//900 
f 502//784 500//898 1267//901 
f 1267//901 1268//784 502//784 
f 1243//899 1267//901 500//898 
f 1248//897 1244//900 466//896 
f 1241//895 1248//897 465//894 
f 1242//893 1241//895 476//892 
f 1240//891 1242//893 478//890 
f 1231//889 1240//891 477//888 
f 1232//887 1231//889 486//886 
f 1239//885 1232//887 480//884 
f 1229//883 1239//885 479//882 
f 1230//881 1229//883 481//880 
f 1222//879 1230//881 468//878 
f 1223//877 1222//879 467//876 
f 1215//875 1223//877 462//874 
f 1213//873 1215//875 461//872 
f 1214//871 1213//873 463//870 
f 1220//869 1214//871 470//868 
f 1221//867 1220//869 469//866 
f 1228//865 1221//867 483//864 
f 1226//863 1228//865 482//862 
f 1227//861 1226//863 487//860 
f 1238//859 1227//861 489//858 
f 1236//857 1238//859 488//856 
f 1237//855 1236//857 493//854 
f 1246//853 1237//855 495//852 
f 1247//851 1246//853 494//850 
f 1235//849 1247//851 497//848 
f 1225//847 1235//849 496//846 
f 1211//845 1225//847 490//844 
f 1212//843 1211//845 484//842 
f 1219//841 1212//843 460//840 
f 1224//839 1219//841 459//838 
f 1217//837 1224//839 464//836 
f 1218//835 1217//837 471//834 
f 1216//833 1218//835 473//832 
f 1209//831 1216//833 472//830 
f 1210//829 1209//831 485//828 
f 1233//827 1210//829 475//826 
f 1234//825 1233//827 474//824 
f 1245//823 1234//825 492//822 
f 1249//821 1245//823 491//820 
f 1254//818 1249//821 498//817 
f 1253//816 1255//819 454//815 
f 1252//814 1253//816 457//813 
f 1250//812 1252//814 456//811 
f 1251//809 1250//812 458//808 
f 1261//807 1266//810 452//806 
f 1262//805 1261//807 448//804 
f 1259//803 1262//805 447//802 
f 1260//801 1259//803 446//800 
f 1256//799 1260//801 444//798 
f 1257//797 1256//799 443//796 
f 1258//795 1257//797 442//794 
f 1265//793 1258//795 441//792 
f 1263//791 1265//793 445//790 
f 1264//789 1263//791 449//788 
f 1269//786 1264//789 451//785 
f 1268//784 1270//787 499//783 
o mesh31
f 310//902 304//903 928//903 
f 312//904 310//902 937//905 
f 296//906 312//904 943//907 
f 289//908 296//906 945//909 
f 290//910 289//908 938//911 
f 294//912 290//910 931//913 
f 295//914 294//912 930//915 
f 281//916 295//914 940//917 
f 265//918 281//916 939//919 
f 266//920 265//918 920//921 
f 279//922 266//920 910//923 
f 280//924 279//922 909//925 
f 277//926 280//924 922//927 
f 278//928 277//926 921//929 
f 264//930 278//928 923//931 
f 276//932 264//930 912//933 
f 274//934 276//932 911//935 
f 275//936 274//934 924//937 
f 288//938 275//936 926//939 
f 262//940 288//938 925//941 
f 263//942 262//940 932//943 
f 261//944 263//942 907//945 
f 255//946 261//944 906//947 
f 256//948 255//946 913//949 
f 287//950 256//948 915//951 
f 299//952 287//950 914//953 
f 293//954 299//952 933//955 
f 285//956 293//954 946//957 
f 286//958 285//956 944//959 
f 298//960 286//958 941//961 
f 308//962 298//960 948//963 
f 309//964 308//962 947//965 
f 306//966 309//964 950//967 
f 307//968 306//966 949//969 
f 311//970 307//968 935//971 
f 302//972 311//970 934//973 
f 303//974 302//972 942//975 
f 272//976 303//974 917//977 
f 273//978 272//976 916//979 
f 284//980 273//978 894//981 
f 271//982 284//980 893//983 
f 259//984 271//982 896//985 
f 260//986 259//984 897//987 
f 270//988 260//986 895//989 
f 283//990 270//988 899//991 
f 268//992 283//990 898//993 
f 269//994 268//992 901//995 
f 282//996 269//994 900//997 
f 267//998 282//996 904//999 
f 257//1000 267//998 908//1001 
f 258//1002 257//1000 903//1003 
f 291//1004 258//1002 902//1005 
f 292//1006 291//1004 905//1007 
f 297//1008 292//1006 919//1009 
f 305//1010 297//1008 918//1011 
f 300//1012 305//1010 927//1013 
f 301//1014 300//1012 936//1015 
f 304//903 301//1014 929//1014 
f 929//1014 928//903 304//903 
f 936//1015 929//1014 301//1014 
f 927//1013 936//1015 300//1012 
f 918//1011 927//1013 305//1010 
f 919//1009 918//1011 297//1008 
f 905//1007 919//1009 292//1006 
f 902//1005 905//1007 291//1004 
f 903//1003 902//1005 258//1002 
f 908//1001 903//1003 257//1000 
f 904//999 908//1001 267//998 
f 900//997 904//999 282//996 
f 901//995 900//997 269//994 
f 898//993 901//995 268//992 
f 899//991 898//993 283//990 
f 895//989 899//991 270//988 
f 897//987 895//989 260//986 
f 896//985 897//987 259//984 
f 893//983 896//985 271//982 
f 894//981 893//983 284//980 
f 916//979 894//981 273//978 
f 917//977 916//979 272//976 
f 942//975 917//977 303//974 
f 934//973 942//975 302//972 
f 935//971 934//973 311//970 
f 949//969 935//971 307//968 
f 950//967 949//969 306//966 
f 947//965 950//967 309//964 
f 948//963 947//965 308//962 
f 941//961 948//963 298//960 
f 944//959 941//961 286//958 
f 946//957 944//959 285//956 
f 933//955 946//957 293//954 
f 914//953 933//955 299//952 
f 915//951 914//953 287//950 
f 913//949 915//951 256//948 
f 906//947 913//949 255//946 
f 907//945 906//947 261//944 
f 932//943 907//945 263//942 
f 925//941 932//943 262//940 
f 926//939 925//941 288//938 
f 924//937 926//939 275//936 
f 911//935 924//937 274//934 
f 912//933 911//935 276//932 
f 923//931 912//933 264//930 
f 921//929 923//931 278//928 
f 922//927 921//929 277//926 
f 909//925 922//927 280//924 
f 910//923 909//925 279//922 
f 920//921 910//923 266//920 
f 939//919 920//921 265//918 
f 940//917 939//919 281//916 
f 930//915 940//917 295//914 
f 931//913 930//915 294//912 
f 938//911 931//913 290//910 
f 945//909 938//911 289//908 
f 943//907 945//909 296//906 
f 937//905 943//907 312//904 
f 928//903 937//905 310//902 
o mesh32
f 244//1016 249//1017 977//1017 
f 248//1018 244//1016 982//1019 
f 242//1020 248//1018 981//1021 
f 243//1022 242//1020 992//1023 
f 246//1024 243//1022 984//1025 
f 247//1026 246//1024 983//1027 
f 241//1028 247//1026 1014//1029 
f 235//1030 241//1028 1013//1031 
f 236//1032 235//1030 1000//1033 
f 239//1034 236//1032 994//1035 
f 240//1036 239//1034 993//1037 
f 223//1038 240//1036 1002//1039 
f 224//1040 223//1038 1001//1041 
f 238//1042 224//1040 995//1043 
f 233//1044 238//1042 1003//1045 
f 234//1046 233//1044 1015//1047 
f 221//1048 234//1046 1005//1049 
f 222//1050 221//1048 1004//1051 
f 220//1052 222//1050 997//1053 
f 211//1054 220//1052 996//1055 
f 212//1056 211//1054 998//1057 
f 209//1058 212//1056 986//1059 
f 210//1060 209//1058 985//1061 
f 207//1062 210//1060 1007//1063 
f 208//1064 207//1062 1006//1065 
f 193//1066 208//1064 1009//1067 
f 194//1068 193//1066 1008//1069 
f 192//1070 194//1068 1011//1071 
f 205//1072 192//1070 1010//1073 
f 206//1074 205//1072 1012//1075 
f 219//1076 206//1074 969//1077 
f 203//1078 219//1076 968//1079 
f 204//1080 203//1078 960//1081 
f 217//1082 204//1080 959//1083 
f 218//1084 217//1082 958//1085 
f 232//1086 218//1084 962//1087 
f 215//1088 232//1086 961//1089 
f 216//1090 215//1088 970//1091 
f 230//1092 216//1090 964//1093 
f 231//1094 230//1092 963//1095 
f 245//1096 231//1094 972//1097 
f 229//1098 245//1096 971//1099 
f 214//1100 229//1098 979//1101 
f 201//1102 214//1100 966//1103 
f 202//1104 201//1102 965//1105 
f 227//1106 202//1104 967//1107 
f 228//1108 227//1106 987//1109 
f 237//1110 228//1108 989//1111 
f 225//1112 237//1110 988//1113 
f 226//1114 225//1112 999//1115 
f 213//1116 226//1114 991//1117 
f 199//1118 213//1116 990//1119 
f 200//1120 199//1118 974//1121 
f 197//1122 200//1120 973//1123 
f 198//1124 197//1122 980//1125 
f 195//1126 198//1124 976//1127 
f 196//1128 195//1126 975//1129 
f 249//1017 196//1128 978//1128 
f 978//1128 977//1017 249//1017 
f 975//1129 978//1128 196//1128 
f 976//1127 975//1129 195//1126 
f 980//1125 976//1127 198//1124 
f 973//1123 980//1125 197//1122 
f 974//1121 973//1123 200//1120 
f 990//1119 974//1121 199//1118 
f 991//1117 990//1119 213//1116 
f 999//1115 991//1117 226//1114 
f 988//1113 999//1115 225//1112 
f 989//1111 988//1113 237//1110 
f 987//1109 989//1111 228//1108 
f 967//1107 987//1109 227//1106 
f 965//1105 967//1107 202//1104 
f 966//1103 965//1105 201//1102 
f 979//1101 966//1103 214//1100 
f 971//1099 979//1101 229//1098 
f 972//1097 971//1099 245//1096 
f 963//1095 972//1097 231//1094 
f 964//1093 963//1095 230//1092 
f 970//1091 964//1093 216//1090 
f 961//1089 970//1091 215//1088 
f 962//1087 961//1089 232//1086 
f 958//1085 962//1087 218//1084 
f 959//1083 958//1085 217//1082 
f 960//1081 959//1083 204//1080 
f 968//1079 960//1081 203//1078 
f 969//1077 968//1079 219//1076 
f 1012//1075 969//1077 206//1074 
f 1010//1073 1012//1075 205//1072 
f 1011//1071 1010//1073 192//1070 
f 1008//1069 1011//1071 194//1068 
f 1009//1067 1008//1069 193//1066 
f 1006//1065 1009//1067 208//1064 
f 1007//1063 1006//1065 207//1062 
f 985//1061 1007//1063 210//1060 
f 986//1059 985//1061 209//1058 
f 998//1057 986//1059 212//1056 
f 996//1055 998//1057 211//1054 
f 997//1053 996//1055 220//1052 
f 1004//1051 997//1053 222//1050 
f 1005//1049 1004//1051 221//1048 
f 1015//1047 1005//1049 234//1046 
f 1003//1045 1015//1047 233//1044 
f 995//1043 1003//1045 238//1042 
f 1001//1041 995//1043 224//1040 
f 1002//1039 1001//1041 223//1038 
f 993//1037 1002//1039 240//1036 
f 994//1035 993//1037 239//1034 
f 1000//1033 994//1035 236//1032 
f 1013//1031 1000//1033 235//1030 
f 1014//1029 1013//1031 241//1028 
f 983//1027 1014//1029 247//1026 
f 984//1025 983//1027 246//1024 
f 992//1023 984//1025 243//1022 
f 981//1021 992//1023 242//1020 
f 982//1019 981//1021 248//1018 
f 977//1017 982//1019 244//1016 
o mesh33
f 419//1130 408//1131 1180//1131 
f 417//1132 419//1130 1179//1133 
f 418//1134 417//1132 1185//1135 
f 431//1136 418//1134 1187//1137 
f 437//1138 431//1136 1186//1139 
f 435//1140 437//1138 1194//1141 
f 436//1142 435//1140 1206//1143 
f 434//1144 436//1142 1202//1145 
f 429//1146 434//1144 1201//1147 
f 430//1148 429//1146 1196//1149 
f 432//1150 430//1148 1195//1151 
f 433//1152 432//1150 1203//1153 
f 428//1154 433//1152 1205//1155 
f 416//1156 428//1154 1204//1157 
f 426//1158 416//1156 1189//1159 
f 427//1160 426//1158 1188//1161 
f 424//1162 427//1160 1198//1163 
f 425//1164 424//1162 1197//1165 
f 415//1166 425//1164 1200//1167 
f 406//1168 415//1166 1199//1169 
f 407//1170 406//1168 1181//1171 
f 414//1172 407//1170 1173//1173 
f 404//1174 414//1172 1172//1175 
f 405//1176 404//1174 1190//1177 
f 438//1178 405//1176 1192//1179 
f 439//1180 438//1178 1191//1181 
f 440//1182 439//1180 1208//1183 
f 383//1184 385//1185 1150//1185 
f 1207//1186 1150//1185 385//1185 
f 385//1185 440//1182 1207//1186 
f 384//1187 383//1184 1149//1188 
f 381//1189 384//1187 1151//1190 
f 412//1191 382//1192 1152//1192 
f 1153//1193 1152//1192 382//1192 
f 382//1192 381//1189 1153//1193 
f 413//1194 412//1191 1193//1195 
f 423//1196 413//1194 1175//1197 
f 403//1198 423//1196 1174//1199 
f 401//1200 403//1198 1182//1201 
f 402//1202 401//1200 1170//1203 
f 411//1204 402//1202 1168//1205 
f 396//1206 411//1204 1167//1207 
f 397//1208 396//1206 1176//1209 
f 400//1210 397//1208 1155//1211 
f 394//1212 400//1210 1154//1213 
f 395//1214 394//1212 1156//1215 
f 389//1216 395//1214 1158//1217 
f 390//1218 389//1216 1157//1219 
f 399//1220 390//1218 1159//1221 
f 392//1222 399//1220 1160//1223 
f 393//1224 392//1222 1162//1225 
f 398//1226 393//1224 1161//1227 
f 391//1228 398//1226 1169//1229 
f 388//1230 391//1228 1171//1231 
f 386//1232 388//1230 1164//1233 
f 387//1234 386//1232 1163//1235 
f 422//1236 387//1234 1166//1237 
f 409//1238 422//1236 1165//1239 
f 410//1240 409//1238 1183//1241 
f 420//1242 410//1240 1178//1243 
f 421//1244 420//1242 1177//1245 
f 408//1131 421//1244 1184//1244 
f 1184//1244 1180//1131 408//1131 
f 1177//1245 1184//1244 421//1244 
f 1178//1243 1177//1245 420//1242 
f 1183//1241 1178//1243 410//1240 
f 1165//1239 1183//1241 409//1238 
f 1166//1237 1165//1239 422//1236 
f 1163//1235 1166//1237 387//1234 
f 1164//1233 1163//1235 386//1232 
f 1171//1231 1164//1233 388//1230 
f 1169//1229 1171//1231 391//1228 
f 1161//1227 1169//1229 398//1226 
f 1162//1225 1161//1227 393//1224 
f 1160//1223 1162//1225 392//1222 
f 1159//1221 1160//1223 399//1220 
f 1157//1219 1159//1221 390//1218 
f 1158//1217 1157//1219 389//1216 
f 1156//1215 1158//1217 395//1214 
f 1154//1213 1156//1215 394//1212 
f 1155//1211 1154//1213 400//1210 
f 1176//1209 1155//1211 397//1208 
f 1167//1207 1176//1209 396//1206 
f 1168//1205 1167//1207 411//1204 
f 1170//1203 1168//1205 402//1202 
f 1182//1201 1170//1203 401//1200 
f 1174//1199 1182//1201 403//1198 
f 1175//1197 1174//1199 423//1196 
f 1193//1195 1175//1197 413//1194 
f 1152//1192 1193//1195 412//1191 
f 1151//1190 1153//1193 381//1189 
f 1149//1188 1151//1190 384//1187 
f 1150//1185 1149//1188 383//1184 
f 1208//1183 1207//1186 440//1182 
f 1191//1181 1208//1183 439//1180 
f 1192//1179 1191//1181 438//1178 
f 1190//1177 1192//1179 405//1176 
f 1172//1175 1190//1177 404//1174 
f 1173//1173 1172//1175 414//1172 
f 1181//1171 1173//1173 407//1170 
f 1199//1169 1181//1171 406//1168 
f 1200//1167 1199//1169 415//1166 
f 1197//1165 1200//1167 425//1164 
f 1198//1163 1197//1165 424//1162 
f 1188//1161 1198//1163 427//1160 
f 1189//1159 1188//1161 426//1158 
f 1204//1157 1189//1159 416//1156 
f 1205//1155 1204//1157 428//1154 
f 1203//1153 1205//1155 433//1152 
f 1195//1151 1203//1153 432//1150 
f 1196//1149 1195//1151 430//1148 
f 1201//1147 1196//1149 429//1146 
f 1202//1145 1201//1147 434//1144 
f 1206//1143 1202//1145 436//1142 
f 1194//1141 1206//1143 435//1140 
f 1186//1139 1194//1141 437//1138 
f 1187//1137 1186//1139 431//1136 
f 1185//1135 1187//1137 418//1134 
f 1179//1133 1185//1135 417//1132 
f 1180//1131 1179//1133 419//1130 
